match_id,season_code,season_start,div,match_date,kickoff_time,home_team,away_team,referee,ft_home_goals,ft_away_goals,ft_result,ht_home_goals,ht_away_goals,ht_result,home_shots,away_shots,home_shots_on_target,away_shots_on_target,home_fouls,away_fouls,home_corners,away_corners,home_yellow,away_yellow,home_red,away_red
58fc8cd317422c498c1c6e720fcd07da83cbc13063f184e651e73fb11921994a,1617,2016,E0,2016-08-13,,Burnley,Swansea,J Moss,0,1,A,0,0,D,10,17,3,9,10,14,7,4,3,2,0,0
49f65be082d8dcfa8649436253a1704f80b00b48388a5fc76086d1daeb6a9796,1617,2016,E0,2016-08-13,,Crystal Palace,West Brom,C Pawson,0,1,A,0,0,D,14,13,4,3,12,15,3,6,2,2,0,0
eec7d3421bb050bc9212ea8deac7bc544fc48f9ad75ae96095be382d1625a435,1617,2016,E0,2016-08-13,,Everton,Tottenham,M Atkinson,1,1,D,1,0,H,12,13,6,4,10,14,5,6,0,0,0,0
784fa6b613f9c5cd23f8b06d6ee986345c74f73e73690d361188e24f90241ab6,1617,2016,E0,2016-08-13,,Hull,Leicester,M Dean,2,1,H,1,0,H,14,18,5,5,8,17,5,3,2,2,0,0
f9fa8869f42c4973e14235679c818c6d43e8d31d574db4b9e6820b4fce05426b,1617,2016,E0,2016-08-13,,Man City,Sunderland,R Madley,2,1,H,1,0,H,16,7,4,3,11,14,9,6,1,2,0,0
4c41da796e2265105c63c997835814e4d05918626463b24dd101902674b6815e,1617,2016,E0,2016-08-13,,Middlesbrough,Stoke,K Friend,1,1,D,1,0,H,12,12,2,1,18,14,9,6,3,5,0,0
17807d2f6dd6a14b9c5289aad420323b6d514710cab8655f03e024f483b3577c,1617,2016,E0,2016-08-13,,Southampton,Watford,R East,1,1,D,0,1,A,24,5,6,1,8,12,6,2,1,2,0,1
9eb3100d47dce9dd187c425483a89fba67698c17abb1699291a7459b75df7e41,1617,2016,E0,2016-08-14,,Arsenal,Liverpool,M Oliver,3,4,A,1,1,D,9,16,5,7,13,17,5,4,3,3,0,0
0db7f3c7ca989b5e8a1863d215e1a03ba95d3c94c705b16f9468a6f1289a24f6,1617,2016,E0,2016-08-14,,Bournemouth,Man United,A Marriner,1,3,A,0,1,A,9,11,3,7,7,10,4,2,0,1,0,0
c7d0c63b8c7c7cf440bedb4c0948859abf8e598acdc2c8caafc7a1fd440ef167,1617,2016,E0,2016-08-15,,Chelsea,West Ham,A Taylor,2,1,H,0,0,D,16,7,6,3,16,16,7,1,5,2,0,0
1b59319cc3e5fa9c2ff1fdd8b0d7b1585b26458f758aebc03db991e07d550ff9,1617,2016,E0,2016-08-19,,Man United,Southampton,A Taylor,2,0,H,1,0,H,12,13,5,1,11,8,4,0,0,0,0,0
4f271a634fc5876fa2dfc28a03e8305393a59bbbc231f727a7c1bafecda49deb,1617,2016,E0,2016-08-20,,Burnley,Liverpool,L Mason,2,0,H,2,0,H,3,26,2,5,14,5,1,12,0,1,0,0
2fd30f073517324fe374606770540eef3606c32ce18b27bf2c44d3c33e17e7c0,1617,2016,E0,2016-08-20,,Leicester,Arsenal,M Clattenburg,0,0,D,0,0,D,8,13,1,4,11,7,2,7,1,2,0,0
09c4ff920579590782693a476e751b32ffcbb1852c9b01f7a2c124b15c9f3e53,1617,2016,E0,2016-08-20,,Stoke,Man City,M Dean,1,4,A,0,2,A,8,12,3,6,12,13,7,7,3,4,0,0
fb8997f51e2ac41bf905c4da668c600d879ce5f5fec563caa9e1fc18dcf14f99,1617,2016,E0,2016-08-20,,Swansea,Hull,S Attwell,0,2,A,0,0,D,13,12,3,4,7,10,8,3,0,0,0,0
afbe9586cc0d8d4d44ec7528e25ce035e2edf1e59858947818fe66dbd265b5bb,1617,2016,E0,2016-08-20,,Tottenham,Crystal Palace,M Oliver,1,0,H,0,0,D,20,10,5,2,19,9,10,4,3,3,0,0
da098636a756d93a5496236b02b1218f4cb3c421782bfb547bc034c0cf4aea5f,1617,2016,E0,2016-08-20,,Watford,Chelsea,J Moss,1,2,A,0,0,D,6,13,2,4,20,10,0,5,4,3,0,0
15cc7ca45aa4df1a5d5481497e116cd231d635bec2b91e4118149c8c84592c58,1617,2016,E0,2016-08-20,,West Brom,Everton,N Swarbrick,1,2,A,1,1,D,11,13,4,7,16,10,7,4,3,1,0,0
1815002e24e11873c05bf2ee054f31389afa00a72a9c370c2d062a5a45ca3712,1617,2016,E0,2016-08-21,,Sunderland,Middlesbrough,M Atkinson,1,2,A,0,2,A,18,8,5,3,11,14,8,1,1,1,0,0
3764ce91ac4e74e086df4ba767674f7fd29f35586f27af8a2ad7b78ed7c69b4e,1617,2016,E0,2016-08-21,,West Ham,Bournemouth,C Pawson,1,0,H,0,0,D,15,8,2,5,15,15,1,6,3,1,0,1
00a5dbd0ca0e4260a470285f86436d125e4e24e5451260f2677ad14a2ee27616,1617,2016,E0,2016-08-27,,Chelsea,Burnley,M Clattenburg,3,0,H,2,0,H,22,6,10,0,6,9,9,5,2,2,0,0
f5c1a1ff126637939f862aba76bc2d363b538328be961b43a7d3104828e2ac04,1617,2016,E0,2016-08-27,,Crystal Palace,Bournemouth,M Dean,1,1,D,0,1,A,24,10,5,3,15,10,10,4,2,1,0,0
dca0b79da2739a7f4eb1da1de09cc1f3dc616c1200f19421091e9643c5492213,1617,2016,E0,2016-08-27,,Everton,Stoke,M Oliver,1,0,H,0,0,D,21,8,9,1,14,11,9,2,2,1,0,0
4b004141ea98824d240bc29af37635b6797add2d8cce06ee3028f67324c886be,1617,2016,E0,2016-08-27,,Hull,Man United,J Moss,0,1,A,0,0,D,8,29,2,9,9,6,1,6,2,3,0,0
d9cd2bae2f2207708af042aaa1aafa44ffe40b696ba23b6cf8c8ca0c4a70ea64,1617,2016,E0,2016-08-27,,Leicester,Swansea,R East,2,1,H,1,0,H,13,9,6,3,14,10,4,6,2,2,0,0
08d2f73070fc7306b6769d3fc93c9c3d59f4e42a6795c51f6ef9758e6f8d61d0,1617,2016,E0,2016-08-27,,Southampton,Sunderland,L Mason,1,1,D,0,0,D,16,5,7,2,15,8,5,5,2,2,0,0
dcf5674d12462a3434beebaf7b8e563d7f968422e59ec0cb8082a22ed6172ec1,1617,2016,E0,2016-08-27,,Tottenham,Liverpool,R Madley,1,1,D,0,1,A,11,13,4,3,11,17,5,5,3,5,0,0
25be1039f2c93dd8522c2f1d0d0918f19067884f5b3935ace57e93fa9cd8da1f,1617,2016,E0,2016-08-27,,Watford,Arsenal,K Friend,1,3,A,0,3,A,14,10,6,7,18,15,3,2,6,1,0,0
1c7538a3b2808d82e41cb4b25a97b741b103bd292dc07590c5582470240b487b,1617,2016,E0,2016-08-28,,Man City,West Ham,A Marriner,3,1,H,2,0,H,22,9,5,2,5,10,5,4,1,3,0,0
1efa295366829ec0fae189f50f606c50debc3f17874921ebac4d6394c0669858,1617,2016,E0,2016-08-28,,West Brom,Middlesbrough,A Taylor,0,0,D,0,0,D,13,7,2,2,12,11,5,4,1,3,0,0
5315e2c0863af69564d2f9e1cb475c592bbc5cc4b10fc61260776711c2d3218e,1617,2016,E0,2016-09-10,,Arsenal,Southampton,R Madley,2,1,H,1,1,D,17,11,2,5,10,8,6,1,2,5,0,0
34a824553df974c8062863f8826d5b6628d145bf7cc1fe755e09b58d6b549f9c,1617,2016,E0,2016-09-10,,Bournemouth,West Brom,K Friend,1,0,H,0,0,D,12,12,5,2,9,11,10,5,1,3,0,0
0d33d861e95633cb84920cc8bff3529d0234c1296f4f2afe457803d592d8efc2,1617,2016,E0,2016-09-10,,Burnley,Hull,P Tierney,1,1,D,0,0,D,13,11,2,3,13,3,5,9,2,0,0,0
d543795eb790e50983b4af761dceffa933581e9f11a73db987a5cffb3a446795,1617,2016,E0,2016-09-10,,Liverpool,Leicester,C Pawson,4,1,H,2,1,H,17,12,11,3,4,8,1,7,1,2,0,0
3f3595d1ecf3c938cdcf47ef492afa3521ab7fa391be7c249a0db9d407a4c2cf,1617,2016,E0,2016-09-10,,Man United,Man City,M Clattenburg,1,2,A,1,2,A,14,18,3,6,15,10,4,4,4,2,0,0
6e677a13058f963493b8f0c15ab2d75bb1682e36d8e762ed6eedf4f3767e345f,1617,2016,E0,2016-09-10,,Middlesbrough,Crystal Palace,N Swarbrick,1,2,A,1,1,D,12,12,4,4,5,9,6,6,1,2,0,0
898e9a226b9fcc4864f2a6d9bcf2e6427666573b6df537dc72cf569831802afd,1617,2016,E0,2016-09-10,,Stoke,Tottenham,A Taylor,0,4,A,0,1,A,15,20,2,8,13,18,10,8,3,2,0,0
4b2a7f01c809a0194f2e9cbc517b2c2e1443a43f5cdeabe3607a41aa17033ba6,1617,2016,E0,2016-09-10,,West Ham,Watford,M Atkinson,2,4,A,2,2,D,19,13,4,8,10,15,4,4,2,2,0,0
8bcc91309f7037d64f7a9bdf9846bd925d58a21504e901c84b51f0c9dfd7c4f9,1617,2016,E0,2016-09-11,,Swansea,Chelsea,A Marriner,2,2,D,0,1,A,6,28,2,7,17,8,1,11,3,4,0,0
84ba006cb52defafb6d9d33b25f36174e1208af86e8d900570e3b17d8b0ea168,1617,2016,E0,2016-09-12,,Sunderland,Everton,M Jones,0,3,A,0,0,D,11,20,2,9,11,8,5,4,1,1,0,0
18d63bfdeef1be0bcb2ec5d6b5b9180477817258117d975f50f6e7e6e4b3fef5,1617,2016,E0,2016-09-16,,Chelsea,Liverpool,M Atkinson,1,2,A,0,2,A,12,13,4,5,6,13,6,4,1,1,0,0
e719c2465bbec3518b3d0a58bac75bfdd00fcac2fedfcdc95f767431e57597ab,1617,2016,E0,2016-09-17,,Everton,Middlesbrough,L Mason,3,1,H,3,1,H,11,7,6,0,5,15,6,3,2,1,0,0
f537103d7c5978adf93025e1837b04da7db6fcf73890f3b186cdf5d7aa08275d,1617,2016,E0,2016-09-17,,Hull,Arsenal,R East,1,4,A,0,1,A,6,24,2,9,9,12,2,4,0,2,1,0
830fdbdddb02b5e9a4e04a79ebda04e6be44d0172b80979ccc5bb60cf9ba933b,1617,2016,E0,2016-09-17,,Leicester,Burnley,A Taylor,3,0,H,1,0,H,14,7,6,2,10,9,7,1,0,1,0,0
91aa919712b9a47e9dfa671013f1073c1e63f4c1b086dbaa5e4b8f523ae703a6,1617,2016,E0,2016-09-17,,Man City,Bournemouth,J Moss,4,0,H,2,0,H,20,6,12,2,8,11,5,5,1,1,1,0
2892628530e53b547f9afc8a05ef6165876f7383e9d581d5c508e629b9afecc3,1617,2016,E0,2016-09-17,,West Brom,West Ham,M Clattenburg,4,2,H,3,0,H,8,23,6,5,14,6,2,6,2,1,0,0
233ed9493cdde0b783476907e4ba8bd28167448deee4fb679a1eeb73bd128927,1617,2016,E0,2016-09-18,,Crystal Palace,Stoke,C Pawson,4,1,H,2,0,H,14,11,8,4,15,9,10,5,2,1,0,0
ec6113ff16146a5c6f47ef79bd6c3158ed2ff5a81d540f0c45e8a60eda004d04,1617,2016,E0,2016-09-18,,Southampton,Swansea,M Jones,1,0,H,0,0,D,19,9,6,3,14,9,7,1,1,1,0,0
ea3234da48e66d18bb4532432edca90bd1cae3cfbd94311794402f9e0411c89e,1617,2016,E0,2016-09-18,,Tottenham,Sunderland,M Dean,1,0,H,0,0,D,31,6,9,2,7,16,14,1,1,5,0,1
48f2ec2a0b6866df092ba982e667908398a15a9459e115fc00a436ac1f7bde48,1617,2016,E0,2016-09-18,,Watford,Man United,M Oliver,3,1,H,1,0,H,10,15,5,2,14,19,5,7,3,4,0,0
47af404048e29f90e32668ee72cdfd79ebcecd47d1baa99077bf8f1fd32ca344,1617,2016,E0,2016-09-24,,Arsenal,Chelsea,M Oliver,3,0,H,3,0,H,14,9,5,2,9,11,9,1,0,2,0,0
d5c0deaf7824bb4e4a0adbac412ec777544cbc0fbb20978364da229ddd81ba4b,1617,2016,E0,2016-09-24,,Bournemouth,Everton,R Madley,1,0,H,1,0,H,12,13,1,2,10,14,5,3,2,2,0,0
2bf7e517eca984b66d8291f6fb255a471f4cf19d0411181de29ba5bd771300d9,1617,2016,E0,2016-09-24,,Liverpool,Hull,A Marriner,5,1,H,3,0,H,32,2,12,1,8,8,13,2,1,2,0,1
17652cc96f23c0dd5d84e5911465bec37ee92523a311ad37abe246aeb0888c72,1617,2016,E0,2016-09-24,,Man United,Leicester,M Dean,4,1,H,4,0,H,16,10,7,3,9,12,8,6,0,2,0,0
99ed99a030e488e84f70189df8dcf32796584f011d943afd7568a12bcec0f1b8,1617,2016,E0,2016-09-24,,Middlesbrough,Tottenham,G Scott,1,2,A,0,2,A,6,19,2,5,14,9,2,10,2,1,0,0
f53961f0de48d2625dfafb0cc75dcf98535764196f08152b79bc178c86e81806,1617,2016,E0,2016-09-24,,Stoke,West Brom,M Atkinson,1,1,D,0,0,D,12,9,2,3,9,13,6,6,3,4,0,0
d909606eb15aad6ee54f8f0f7d0f036204108dc790a49f4f5c848f2e5026cdf4,1617,2016,E0,2016-09-24,,Sunderland,Crystal Palace,A Taylor,2,3,A,1,0,H,11,20,4,4,15,12,3,5,0,2,0,0
c00676d8d59a7265bb5bd55e9fffb4f9cc496d6b3e3365a7be968c0a56dd5811,1617,2016,E0,2016-09-24,,Swansea,Man City,N Swarbrick,1,3,A,1,1,D,13,18,5,4,15,9,2,7,2,4,0,0
5c1f341f880fc0eee43c7c5508c0869866346ef468ed2bbfd6a5392dbbc7187b,1617,2016,E0,2016-09-25,,West Ham,Southampton,J Moss,0,3,A,0,1,A,13,18,1,9,9,14,6,2,5,2,0,0
5a4307501791334a8a1198e5f79f82e066ac32bee9aef79dccea97e83b363961,1617,2016,E0,2016-09-26,,Burnley,Watford,M Jones,2,0,H,1,0,H,13,12,4,3,11,15,7,6,1,3,0,0
a727fa56b4b5b14af9ba9e2b1ae2e7379dae7f34c4999176fea75bab8626b9cd,1617,2016,E0,2016-09-30,,Everton,Crystal Palace,J Moss,1,1,D,1,0,H,13,10,3,2,16,11,10,9,5,4,0,0
213a2d0f571bb60baa95dc2de2f510955e49f7f46b8de02a6ab17a2a299e637c,1617,2016,E0,2016-10-01,,Hull,Chelsea,A Taylor,0,2,A,0,0,D,8,22,3,9,13,15,5,7,2,2,0,0
4098fa4e1f8c085bca3b243022d45ef8ea32e950573a52dc4ef123aae4b824bd,1617,2016,E0,2016-10-01,,Sunderland,West Brom,S Attwell,1,1,D,0,1,A,7,17,2,7,7,13,6,5,1,3,0,0
0e000113cebf5ca64e80d46cca5b321ae9f4c370cb546f63c2381d54927d5972,1617,2016,E0,2016-10-01,,Swansea,Liverpool,M Oliver,1,2,A,1,0,H,8,18,3,6,11,9,3,10,2,2,0,0
850103915d88c5046a672efe7c484092af010107ea30d57f2a3a2899501d678c,1617,2016,E0,2016-10-01,,Watford,Bournemouth,M Dean,2,2,D,0,1,A,17,11,7,2,17,12,4,5,3,4,0,0
e463f97b945bdb5ee426d1a9251b6d267afc70b7cccb6a1ac4f42109bb65515e,1617,2016,E0,2016-10-01,,West Ham,Middlesbrough,N Swarbrick,1,1,D,0,0,D,19,9,2,3,13,12,4,5,2,3,0,0
7e8627d6ed39b21ac5e1325e4b9665bd4b462b1fbce0e5d370edf46b5805ee39,1617,2016,E0,2016-10-02,,Burnley,Arsenal,C Pawson,0,1,A,0,0,D,10,18,1,3,2,3,2,6,0,0,0,0
1e56ceada73def7979294b15bf1b3ce2d198d36eab9442ec1efb77e70d356eb7,1617,2016,E0,2016-10-02,,Leicester,Southampton,M Atkinson,0,0,D,0,0,D,9,11,1,5,9,9,3,6,1,0,0,0
1716c55fc6dd0f6cc5de31c417367a16ca7a1dca2ddde08e9fed14558b6f6410,1617,2016,E0,2016-10-02,,Man United,Stoke,R Madley,1,1,D,0,0,D,24,7,9,6,14,9,13,2,3,0,0,0
e6645f4acd92fce44014ac8b8611ae50b530743f21739d1249351b736d678d12,1617,2016,E0,2016-10-02,,Tottenham,Man City,A Marriner,2,0,H,2,0,H,13,12,7,6,20,10,4,3,2,2,0,0
29aa49fda261dfeb95fc2e5f4c69858df444428941122e32831ae8f198d939c7,1617,2016,E0,2016-10-15,,Arsenal,Swansea,J Moss,3,2,H,2,1,H,16,13,6,6,7,10,5,6,0,1,1,0
a1d2b5f249ed26dc5334428ddf6949b0ed508e534c681db62ab04a0154efc735,1617,2016,E0,2016-10-15,,Bournemouth,Hull,L Mason,6,1,H,3,1,H,22,11,10,4,8,14,5,4,0,3,0,0
dd8759480d55df8d7947a34a8b28d57835646cf16a1a34582e2355621180ecb1,1617,2016,E0,2016-10-15,,Chelsea,Leicester,A Marriner,3,0,H,2,0,H,16,5,6,0,6,12,8,5,1,1,0,0
4400c225c9b167e63fb37290995e227947d76d3cf1b09537bbc49ef5c5e24270,1617,2016,E0,2016-10-15,,Crystal Palace,West Ham,M Atkinson,0,1,A,0,1,A,12,12,3,4,12,13,7,6,1,3,0,1
f6b42d1bfdb1702d0377ded5c27812ba09299bf2c1c64739bc53c53767511fe6,1617,2016,E0,2016-10-15,,Man City,Everton,M Oliver,1,1,D,0,0,D,19,3,8,2,7,9,13,1,0,2,0,0
3f254c95ce699d47c5f350e58ee36693857c9fee5b917ee344aed77f61de7544,1617,2016,E0,2016-10-15,,Stoke,Sunderland,M Jones,2,0,H,2,0,H,18,11,6,1,10,13,6,4,1,1,0,0
6f1e1ece9359518c5ff5c0c8bbe57fe0fbd12364f5d9dbee46b437d03d6f8c5b,1617,2016,E0,2016-10-15,,West Brom,Tottenham,K Friend,1,1,D,0,0,D,8,20,4,8,14,10,5,8,2,2,0,0
2abba336a9c5fda26e9f10c84ccd0370347c0c18f59dc5f3b14e252051bfa9ef,1617,2016,E0,2016-10-16,,Middlesbrough,Watford,R East,0,1,A,0,0,D,10,4,3,2,15,10,4,6,4,1,0,0
290f11ca9d367e49ca9500076c157b1f950c81ae5c83fd05c48e0dc10acaa3a5,1617,2016,E0,2016-10-16,,Southampton,Burnley,M Dean,3,1,H,0,0,D,34,6,14,1,11,10,8,4,1,2,0,0
e60d7f76e6814ed853972f98d06200ba7ff263e819f399dca5931b1e3c94cdaf,1617,2016,E0,2016-10-17,,Liverpool,Man United,A Taylor,0,0,D,0,0,D,9,7,3,1,14,20,3,1,0,4,0,0
f693a455b065f7b1e13b0dfb61776cefc7bd643d29610670ddc809d89fa68a36,1617,2016,E0,2016-10-22,,Arsenal,Middlesbrough,M Dean,0,0,D,0,0,D,9,11,5,4,6,13,8,3,1,0,0,0
839bf578df96f23a9f5a66f57af7d208b2097179240450b17621441e55bcda5e,1617,2016,E0,2016-10-22,,Bournemouth,Tottenham,C Pawson,0,0,D,0,0,D,8,16,1,4,10,15,7,4,2,4,0,0
d2f60655dd3a7fa27e1db110f17c4d44d10e57b3e6b93a3472f8e8c3fa925a4e,1617,2016,E0,2016-10-22,,Burnley,Everton,M Jones,2,1,H,1,0,H,9,20,3,8,16,15,2,8,2,3,0,0
3758f510b1d61caf17613861ee1a0effd288f28efe4ced3e2742289a8659a65d,1617,2016,E0,2016-10-22,,Hull,Stoke,K Friend,0,2,A,0,1,A,9,12,2,6,16,8,5,7,2,3,0,0
dc72b556814b9821ea95ae8cee7682725957f886ec5b9fd37aa061ead48169b2,1617,2016,E0,2016-10-22,,Leicester,Crystal Palace,M Oliver,3,1,H,1,0,H,17,23,4,7,10,8,8,8,0,0,0,0
3741a6ecef97af15af0bfefa9ceee3c065a666a8d3e6651faccec78fb3b26afb,1617,2016,E0,2016-10-22,,Liverpool,West Brom,N Swarbrick,2,1,H,2,0,H,21,6,7,1,9,13,3,2,1,3,0,0
394d63a86969d54a66f890e52aa96a21a092f1617325aafbf453b4fe4c9f50df,1617,2016,E0,2016-10-22,,Swansea,Watford,P Tierney,0,0,D,0,0,D,11,10,5,2,15,16,7,2,2,1,0,0
fc4a65c57a878bd5d33462b56fa2a19f833b818a7ca0600b64375683edf3dd41,1617,2016,E0,2016-10-22,,West Ham,Sunderland,R Madley,1,0,H,0,0,D,20,10,3,2,10,13,6,2,2,5,0,0
f7ceb24f9027bd4f9e5c2f7313a914b33ebee2592a4249afa0afacf162121272,1617,2016,E0,2016-10-23,,Chelsea,Man United,M Atkinson,4,0,H,2,0,H,14,16,6,5,7,17,5,7,3,2,0,0
aea523a40154b9727bc929fb142ce99c9d8a8e98aae4bc8e089bcb5a98de6800,1617,2016,E0,2016-10-23,,Man City,Southampton,M Clattenburg,1,1,D,0,1,A,14,6,3,2,11,10,10,3,3,3,0,0
99df1ffa8464a4b93ac52c701ddd928952c306102b8e838b94675e89299fc5af,1617,2016,E0,2016-10-29,,Crystal Palace,Liverpool,A Marriner,2,4,A,2,3,A,7,17,6,10,15,5,3,3,1,2,0,0
72eb3344a3436a2bcfabb4b6ac10f3f6785574b5070ac6912a024a5929269e7f,1617,2016,E0,2016-10-29,,Man United,Burnley,M Clattenburg,0,0,D,0,0,D,37,7,11,1,12,9,19,1,1,3,1,0
62d5d2fe331597267ed82ff525ca1f0bb2e309fcd9529bb63e9b035f390fae3f,1617,2016,E0,2016-10-29,,Middlesbrough,Bournemouth,S Attwell,2,0,H,1,0,H,10,15,3,3,3,5,4,7,1,1,0,0
8f2f028b790480d8df398eb8dcbd55ae73f0d08aae4dedaf54e786f5ad12a10a,1617,2016,E0,2016-10-29,,Sunderland,Arsenal,M Atkinson,1,4,A,0,1,A,3,21,1,7,9,13,0,8,4,3,0,0
9551b155fa0bb7ad033f995b7cf6f22b66ff1be260ef2433a1e75154892d0429,1617,2016,E0,2016-10-29,,Tottenham,Leicester,R Madley,1,1,D,1,0,H,22,6,5,1,11,20,8,1,3,4,0,0
e299544fbf544690aaafbe1ea4a2963ed1d71ef1918be0de136027bff8f3e75b,1617,2016,E0,2016-10-29,,Watford,Hull,J Moss,1,0,H,0,0,D,22,8,0,2,13,8,7,2,1,2,0,0
3ebceae35495fdb131a885ba9a1704c751bf3490b40bb43e533e0f2b542aad77,1617,2016,E0,2016-10-29,,West Brom,Man City,L Mason,0,4,A,0,2,A,9,21,1,8,17,10,1,7,4,3,0,0
0bcfa3e06ed42404ec56e1112fd62f7a3c2496a44f58f188a6295df07357af3e,1617,2016,E0,2016-10-30,,Everton,West Ham,A Taylor,2,0,H,0,0,D,17,13,6,3,15,12,8,8,2,3,0,0
ab8e89e07e0bd3fc5ed4e92cd1438710a044956f8b015da46a734b267e86b9a5,1617,2016,E0,2016-10-30,,Southampton,Chelsea,M Jones,0,2,A,0,1,A,9,13,1,7,13,16,7,3,0,0,0,0
e5a22ea7451af0d164ac013e7bbe900fb3f4b90208e0f20cdd4c01581a5b84be,1617,2016,E0,2016-10-31,,Stoke,Swansea,M Oliver,3,1,H,1,1,D,17,14,4,6,7,14,6,4,2,0,0,0
114ab45a8a53f9b64b9ff131c065fa40e1de597c240895a8f4e5b861db7c0f6b,1617,2016,E0,2016-11-05,,Bournemouth,Sunderland,M Dean,1,2,A,1,1,D,22,9,7,4,14,17,12,2,3,2,0,1
f6e250430e507bacf33df04bf6bcdd7ae823b9cd3875467205dd0229cc183858,1617,2016,E0,2016-11-05,,Burnley,Crystal Palace,A Taylor,3,2,H,2,0,H,14,16,7,5,11,12,4,7,1,2,0,0
b999f43f6c9670ccb844768bbc8828eb657275faf6b0a7730bef80efa12925d2,1617,2016,E0,2016-11-05,,Chelsea,Everton,R Madley,5,0,H,3,0,H,21,1,9,0,5,16,4,2,0,3,0,0
aa4fe7ffb6af885124a84b86163ed18e980213c0f86dd7246fd7d32b78d75644,1617,2016,E0,2016-11-05,,Man City,Middlesbrough,K Friend,1,1,D,1,0,H,25,5,7,3,7,15,8,2,1,3,0,0
adb944187e3fc0bc8c983c634a64c94519d33fdc509e4584bb4a0c1fcefbf5ce,1617,2016,E0,2016-11-05,,West Ham,Stoke,A Marriner,1,1,D,0,0,D,9,12,2,4,11,10,6,4,4,1,0,0
582d39a51fa2f2813cae298b9b9aea8537c82f324ef682aa777203a98a341582,1617,2016,E0,2016-11-06,,Arsenal,Tottenham,M Clattenburg,1,1,D,1,0,H,15,10,2,3,11,17,7,2,1,2,0,0
d85a3aa0936b08000358148f7a204500526322232b7cb8a1b98b6356602fa8d0,1617,2016,E0,2016-11-06,,Hull,Southampton,G Scott,2,1,H,0,1,A,6,19,2,7,13,15,1,10,0,5,0,0
f1fa00d2855b6eb1f29f260ff81c2aa9a6967fc00f0fd179d66d578579eb461f,1617,2016,E0,2016-11-06,,Leicester,West Brom,C Pawson,1,2,A,0,0,D,5,11,2,5,8,8,5,6,0,2,0,0
f7f2f06614728e058eea448ae6dde47c590e916b67d28b3ca8cb3b740e068581,1617,2016,E0,2016-11-06,,Liverpool,Watford,M Oliver,6,1,H,3,0,H,28,11,17,8,14,10,6,3,1,2,0,0
a69f09a5d14afba2b7346c7ce295b2e74b2f78e2a8a6cd49db4e0c3f4452522c,1617,2016,E0,2016-11-06,,Swansea,Man United,N Swarbrick,1,3,A,0,3,A,6,9,1,3,9,16,2,0,0,2,0,0
e8e4f9664c812435f23769fdeb1bbe13cffb63a64d13ff7eaae60b73fee2782a,1617,2016,E0,2016-11-19,,Crystal Palace,Man City,R Madley,1,2,A,0,1,A,9,10,2,4,12,15,2,7,1,2,0,0
182edb50eae041518ceea2fb2b1809ed4d5d15e31d1fddbcb9bfa55d056c8fec,1617,2016,E0,2016-11-19,,Everton,Swansea,M Atkinson,1,1,D,0,1,A,14,5,6,3,13,12,10,3,4,2,0,0
f0467937533f74b993911f412a8052170d5012267b3ff3aa0c5c704762024ed2,1617,2016,E0,2016-11-19,,Man United,Arsenal,A Marriner,1,1,D,0,0,D,12,5,5,1,14,11,10,4,3,3,0,0
151792cfabda2aa61f5cb7bd1a860af753a124be5d1a67f88125d567ec966273,1617,2016,E0,2016-11-19,,Southampton,Liverpool,M Clattenburg,0,0,D,0,0,D,3,15,0,2,8,11,1,8,1,1,0,0
83ce5de3a294e482aa85193b83f764e90ad7fd0a312063ef8c8d937efe766c5c,1617,2016,E0,2016-11-19,,Stoke,Bournemouth,R East,0,1,A,0,1,A,14,9,6,2,17,10,3,4,3,2,0,0
5c7e94968186a8e3b611531ef9f4eb4b15af76248e6ae839da6d73b164e9965f,1617,2016,E0,2016-11-19,,Sunderland,Hull,L Mason,3,0,H,1,0,H,11,17,4,7,9,8,2,8,1,0,1,0
9cfb64e0b8e9b4dbdefc8e70cbe98543e499584b1d37d556fb4f7ef090d0fb78,1617,2016,E0,2016-11-19,,Tottenham,West Ham,M Dean,3,2,H,0,1,A,14,11,6,3,13,16,4,5,3,2,0,1
2158bf5701d1dfd57d313bce751e85c833592561e45b860e54370be3be886751,1617,2016,E0,2016-11-19,,Watford,Leicester,N Swarbrick,2,1,H,2,1,H,10,10,3,2,12,18,4,6,2,3,0,0
c929909f41dfffb0d69038e079a7a1faefaafcfb85c207d5d0fcd4b5f3bd253a,1617,2016,E0,2016-11-20,,Middlesbrough,Chelsea,J Moss,0,1,A,0,1,A,12,13,1,3,13,10,2,3,2,3,0,0
c76424a58779b9ab3495a872b28c9d9a925ebd1e7f5963ea70201e3804c2009a,1617,2016,E0,2016-11-21,,West Brom,Burnley,M Jones,4,0,H,3,0,H,16,5,6,2,12,12,4,3,0,0,0,0
3d97dc986e53d82abaebd5f84892eef16a67ccb740cb5723f77f80d63dd464d3,1617,2016,E0,2016-11-26,,Burnley,Man City,A Marriner,1,2,A,1,1,D,10,21,5,5,5,15,5,8,2,3,0,0
a264f68626d726d48ae09bedb08b44474615a2800896e227a5bf65f7b443a41e,1617,2016,E0,2016-11-26,,Chelsea,Tottenham,M Oliver,2,1,H,1,1,D,9,12,5,6,13,16,3,8,2,1,0,0
e21e97b59a01d15be0715046463de32ff1926c4a3a7f311b83e66daad9afba2e,1617,2016,E0,2016-11-26,,Hull,West Brom,P Tierney,1,1,D,0,1,A,10,11,4,2,7,10,2,6,3,2,0,0
096bc511b3805d52f8869b77fd90f165c59c6855508b8a992ca273220eb1efe3,1617,2016,E0,2016-11-26,,Leicester,Middlesbrough,L Mason,2,2,D,1,1,D,11,6,3,2,15,12,2,3,4,4,0,0
5f4a6c22252ece83183a3d6d5994c76de3c52641df75ee7c4d991f46efce536b,1617,2016,E0,2016-11-26,,Liverpool,Sunderland,A Taylor,2,0,H,0,0,D,27,6,7,1,5,9,9,4,1,3,0,0
dbf26ae9cfd54806ab61bbcfc8a2d47390593bf8405fb98c7c68f275c303c85d,1617,2016,E0,2016-11-26,,Swansea,Crystal Palace,K Friend,5,4,H,1,1,D,18,12,9,4,12,24,10,6,4,5,0,0
f3e6193b6c989c245d0b267286da56b1ec5a5625b3d09e5cdc0c5c15cb1b6931,1617,2016,E0,2016-11-27,,Arsenal,Bournemouth,M Jones,3,1,H,1,1,D,16,9,3,3,12,13,3,10,3,5,0,0
39ea88e203299addfad076dcf6ded7d14de87038c171601f04710e7f14e711b5,1617,2016,E0,2016-11-27,,Man United,West Ham,J Moss,1,1,D,1,1,D,17,6,8,2,16,16,8,4,3,1,0,0
c3b991c05158523059362cbf997ec84456be616e66addde9dc0d1f7627b70f61,1617,2016,E0,2016-11-27,,Southampton,Everton,C Pawson,1,0,H,1,0,H,17,13,7,1,11,15,5,2,0,2,0,0
8d100e0534cdf478709f42d402757e0cecd40f74a914868ae1098b8c74fb6cc4,1617,2016,E0,2016-11-27,,Watford,Stoke,R Madley,0,1,A,0,1,A,11,14,2,1,24,14,3,3,3,0,1,0
7781d33e30447191d6f2337ce0c44c65921d751392d7307919f35ef25dc70a50,1617,2016,E0,2016-12-03,,Crystal Palace,Southampton,N Swarbrick,3,0,H,2,0,H,9,17,4,3,11,13,4,9,3,1,0,0
d717c740251262341b4011e38b4fbd6dfca186a9c36a1b4c32ff230f8e76d454,1617,2016,E0,2016-12-03,,Man City,Chelsea,A Taylor,1,3,A,1,0,H,14,10,5,4,14,9,9,2,2,3,2,0
e0d8dabe55be99b9c28555df207b93c06928b12174a29e23a8a9eb655f26162e,1617,2016,E0,2016-12-03,,Stoke,Burnley,M Clattenburg,2,0,H,2,0,H,10,14,4,4,7,13,4,9,3,2,0,0
095dad96dd2d31ff657790a1630b5c4fc607ae8824c9204483ef1f74419eb108,1617,2016,E0,2016-12-03,,Sunderland,Leicester,A Marriner,2,1,H,0,0,D,22,17,6,5,8,12,3,4,3,1,0,0
8a452dd19646c61be169366f923b07746a50609b8e55e9fc99f9664148b12c84,1617,2016,E0,2016-12-03,,Tottenham,Swansea,J Moss,5,0,H,2,0,H,28,1,15,0,11,17,5,0,0,4,0,0
4c76d1867866645cab52dfe2c50caf7d131d5bf19d5795c92adb8cf2e22d5dd9,1617,2016,E0,2016-12-03,,West Brom,Watford,G Scott,3,1,H,2,0,H,11,17,3,5,12,8,3,4,2,1,0,1
a265c7b013cfa7de27dce670cb64d5bf2b8cb158bf71f9ceed5a53fc228d871c,1617,2016,E0,2016-12-03,,West Ham,Arsenal,C Pawson,1,5,A,0,1,A,10,19,3,10,10,11,3,2,3,3,0,0
266ae267290774510ffcf74d08be032f234053206bf5b6b187c07fa7a1fa908b,1617,2016,E0,2016-12-04,,Bournemouth,Liverpool,R Madley,4,3,H,0,2,A,12,10,8,3,9,17,4,9,2,2,0,0
1feef18d4b41d491d6025479f624a04c9c0b9ead2d84c0cc808bfacf53f7c585,1617,2016,E0,2016-12-04,,Everton,Man United,M Oliver,1,1,D,0,1,A,13,10,6,2,13,11,6,3,2,3,0,0
b57de763d2971f5f54030496784c6f2a0118930b1badd3a25961969340bca946,1617,2016,E0,2016-12-05,,Middlesbrough,Hull,M Dean,1,0,H,0,0,D,16,6,4,2,6,11,13,7,1,1,0,0
9f2cc043008cc3ef5ff2e08944b1fbbaa2e8850fbf81ce11528e4323fe70d5ec,1617,2016,E0,2016-12-10,,Arsenal,Stoke,L Mason,3,1,H,1,1,D,21,12,6,5,9,6,7,7,0,0,0,0
b22aa12019a611702d18913322a7a51eff98f54387df5788dbe9d9d9f9dd44f3,1617,2016,E0,2016-12-10,,Burnley,Bournemouth,M Atkinson,3,2,H,2,1,H,16,17,7,4,14,18,4,11,2,2,0,0
ae8e04889d3509c33cb6a190b75a96c5226cef4c61ff2b51b36bc052eaddb62a,1617,2016,E0,2016-12-10,,Hull,Crystal Palace,M Jones,3,3,D,1,0,H,15,14,6,6,16,14,4,7,2,4,0,0
49198167036829afb6af072d305ac2827c35db87af1299704d93e2d7bc089e3f,1617,2016,E0,2016-12-10,,Leicester,Man City,M Oliver,4,2,H,3,0,H,10,19,6,4,10,7,3,11,2,1,0,0
f3e3bb5924aa74068c19e7939c9a9b05aed884725826b0e06a64ef1023442761,1617,2016,E0,2016-12-10,,Swansea,Sunderland,C Pawson,3,0,H,0,0,D,14,11,5,2,10,8,7,4,1,2,0,0
cfcd7eb1ddf8daecd904a60ff77f865816326fd9664dffa7ac5062a62afc8cfb,1617,2016,E0,2016-12-10,,Watford,Everton,A Taylor,3,2,H,1,1,D,11,11,6,4,11,16,2,4,2,2,0,0
0012cc37103c07528c495fb485ba1168bf923cbbb68d4cf931fee3203b5b83ca,1617,2016,E0,2016-12-11,,Chelsea,West Brom,M Dean,1,0,H,0,0,D,12,6,2,1,6,10,3,1,2,4,0,0
721853db9177fb71347f82082b7ce41d4c594ff52dd7ea76739131ed43553683,1617,2016,E0,2016-12-11,,Liverpool,West Ham,M Clattenburg,2,2,D,1,2,A,18,7,3,3,7,8,11,4,2,0,0,0
01fe85c762af0dddda01165b95cd72c37586eac6e6beb0219ae894a39780b714,1617,2016,E0,2016-12-11,,Man United,Tottenham,R Madley,1,0,H,1,0,H,15,12,5,4,19,17,3,8,3,3,0,0
8ff7087fad37c6e160aa689de320d541f4c72a111f34e4aabb916438e1e1b285,1617,2016,E0,2016-12-11,,Southampton,Middlesbrough,S Attwell,1,0,H,0,0,D,14,6,3,2,14,12,4,2,4,3,0,0
0da01cbf8e61e4dfb26956c601686449be84dc16a8c8a95656498ad867b7feac,1617,2016,E0,2016-12-13,,Bournemouth,Leicester,P Tierney,1,0,H,1,0,H,9,12,3,4,5,15,4,11,0,3,0,0
5cce9214452347e3071f6a112ce70d34c5250c5902cf71cc0cb95af504f63730,1617,2016,E0,2016-12-13,,Everton,Arsenal,M Clattenburg,2,1,H,1,1,D,14,9,4,3,10,10,8,3,1,1,1,0
4f2d9c59bff8e8beafdabcdfa24b446852a2067ea8fc28050003e287ed90ab3f,1617,2016,E0,2016-12-14,,Crystal Palace,Man United,C Pawson,1,2,A,0,1,A,6,16,3,6,16,10,1,8,2,2,0,0
038bf8bdc3e6b1f94a87c9a0df6ba0058ebcbae2b2b4314216d734dfed83eae6,1617,2016,E0,2016-12-14,,Man City,Watford,K Friend,2,0,H,1,0,H,13,5,7,2,16,20,5,2,1,2,0,0
6b1852f18dbaff6ef7fe0e05ded1f1006fb70b062e8948091980b0501c9669d8,1617,2016,E0,2016-12-14,,Middlesbrough,Liverpool,J Moss,0,3,A,0,1,A,8,15,3,4,11,14,5,2,1,0,0,0
4c6d546c0dfb00117dd60a41c042236153948deb9db3663e1d07a0a0717cb729,1617,2016,E0,2016-12-14,,Stoke,Southampton,A Taylor,0,0,D,0,0,D,5,15,3,4,9,10,3,11,1,2,1,0
20ccb56eaabf2c8bd23e045c0e768444dd29625de5967a3fd31f57d65aa25de4,1617,2016,E0,2016-12-14,,Sunderland,Chelsea,N Swarbrick,0,1,A,0,1,A,8,19,3,6,15,10,5,5,3,2,0,0
06b33516d4b6a1d38de8d48fd832564468a128ef4bbfdb5ed9350aa4890c3a43,1617,2016,E0,2016-12-14,,Tottenham,Hull,A Marriner,3,0,H,1,0,H,27,10,9,5,6,14,5,5,0,2,0,0
4d59650a713c373c23ee693a642777923775130e2a7b091d0af13114e23ff9c6,1617,2016,E0,2016-12-14,,West Brom,Swansea,M Oliver,3,1,H,0,0,D,13,8,4,4,8,8,0,11,0,0,0,0
8884f92fffb58a6d3d9f6781b3bacb4ca0781ae7a19b4650fd2621098b9ff1c1,1617,2016,E0,2016-12-14,,West Ham,Burnley,R Madley,1,0,H,1,0,H,20,8,7,2,12,15,6,1,0,2,0,0
39da382786a4c891b25c8ff111ea4c17cab8f9eed265cd5694213d01ebf39936,1617,2016,E0,2016-12-17,,Crystal Palace,Chelsea,J Moss,0,1,A,0,1,A,6,13,2,6,12,15,5,3,2,3,0,0
c9c97bb90afd485bb14b79afa5feb38b256b3369b1764c3c552b0013c116e3d2,1617,2016,E0,2016-12-17,,Middlesbrough,Swansea,N Swarbrick,3,0,H,2,0,H,10,14,4,2,10,11,3,8,1,0,0,0
1bf2942aab6e5e137b4fc8c03cc7504ee5883d202d55c8332c61ce0949c3eb92,1617,2016,E0,2016-12-17,,Stoke,Leicester,C Pawson,2,2,D,2,0,H,16,14,7,8,9,12,9,9,2,6,0,1
55b719ba252dd65d8f673a9329e0365db81e616deeb1c0909567cbe276594d9b,1617,2016,E0,2016-12-17,,Sunderland,Watford,R Madley,1,0,H,0,0,D,12,9,4,4,10,9,4,11,1,2,0,0
066ff718cdb023fdcee9349ec4a19d2a80c56ca348cb086ed6330b44f6167a8b,1617,2016,E0,2016-12-17,,West Brom,Man United,A Taylor,0,2,A,0,1,A,10,10,1,5,9,13,2,3,3,3,0,0
8b490c6f98e948961507337c0c782fb7a6655407d4fcab11f835e0e03d8f9a2c,1617,2016,E0,2016-12-17,,West Ham,Hull,L Mason,1,0,H,0,0,D,18,16,6,5,13,9,10,6,2,4,0,0
abe309a62c0e0d3494203173bce5c11a5bc09931eeafb4561f3aba7096c9e6d2,1617,2016,E0,2016-12-18,,Bournemouth,Southampton,M Clattenburg,1,3,A,1,1,D,10,14,5,8,6,12,7,4,0,2,0,0
8396998602d335ef4a1fec2af6cf0080d6310151dda0507431b88e02e84003fd,1617,2016,E0,2016-12-18,,Man City,Arsenal,M Atkinson,2,1,H,0,1,A,14,6,5,1,9,13,8,1,4,2,0,0
a89f486db8292f4435ce218bf28a99274c6f35cfa60604ef003c12eb71b6f911,1617,2016,E0,2016-12-18,,Tottenham,Burnley,K Friend,2,1,H,1,1,D,30,5,9,2,10,11,11,2,1,2,0,0
15722194e98bb05ba8fa26d1b1489a171115dafbcb24cdda4a93003d13f3e48e,1617,2016,E0,2016-12-19,,Everton,Liverpool,M Dean,0,1,A,0,0,D,6,11,1,4,13,9,1,6,3,1,0,0
34f05451e82bfeaeb6e6c3137f811a6761fe182f5880f5dd5e80e6e2d3ded91b,1617,2016,E0,2016-12-26,,Arsenal,West Brom,N Swarbrick,1,0,H,0,0,D,26,3,11,1,11,7,6,5,2,1,0,0
9cab7055d0dcdaa078af494d26477b492f6a2b4aceccecd4c8aa4934c24f7e08,1617,2016,E0,2016-12-26,,Burnley,Middlesbrough,C Pawson,1,0,H,0,0,D,6,8,4,2,17,18,7,3,6,5,0,0
3f0b9eb7695405330cb2fb2a68c643a7ea5e17300a41c0e77acb496f9a2a4f73,1617,2016,E0,2016-12-26,,Chelsea,Bournemouth,M Jones,3,0,H,1,0,H,14,7,4,3,13,14,5,5,1,1,0,0
cb518d4b580b36185643ff98f56c9e6441dc197991b539b0a9a7137d3d1882a8,1617,2016,E0,2016-12-26,,Hull,Man City,R Madley,0,3,A,0,0,D,10,16,3,6,11,14,4,7,1,0,0,0
edb78a6e55df615b122b54dbbebc7b871863c2122fb16ceec418a2c1a9f11205,1617,2016,E0,2016-12-26,,Leicester,Everton,S Attwell,0,2,A,0,0,D,7,8,2,3,14,7,3,4,3,0,0,0
a5925a9b6b7236d12362efc66e6defff8124caafb9f9a1045a8cd2bd2b790f74,1617,2016,E0,2016-12-26,,Man United,Sunderland,M Atkinson,3,1,H,1,0,H,26,7,9,4,6,9,5,5,1,1,0,0
2226e85934f446d37d4f5f99806978f68513128f76ceda1697056ba54e85a119,1617,2016,E0,2016-12-26,,Swansea,West Ham,A Marriner,1,4,A,0,1,A,14,14,7,7,10,12,8,4,0,0,0,0
c5cf00562b780ace17ac61579dc9f1abdf83099c5ffbe463b56aa21a16e5cf1c,1617,2016,E0,2016-12-26,,Watford,Crystal Palace,M Clattenburg,1,1,D,0,1,A,9,10,3,4,18,17,7,3,2,4,0,0
d0e37437f3f62de828c8037708a4ae58ac180525cf4ca23392685d93487407c8,1617,2016,E0,2016-12-27,,Liverpool,Stoke,M Oliver,4,1,H,2,1,H,20,6,6,2,9,6,8,2,0,1,0,0
00584e53af023af2b6a97e99f589e775dfe9a707ae02317dc1a8b615ba7f3f29,1617,2016,E0,2016-12-28,,Southampton,Tottenham,M Dean,1,4,A,1,1,D,9,17,2,5,7,16,2,10,1,4,1,0
91cff54787182d939a5a627192bdc6d387c8d8a5dfd14a6e5a721ded6661fc8e,1617,2016,E0,2016-12-30,,Hull,Everton,J Moss,2,2,D,1,1,D,13,20,4,7,10,13,5,5,2,2,0,0
8e380317f17189695b17064a8671c2409da7ebd503582971c68e1b8dff9649a6,1617,2016,E0,2016-12-31,,Burnley,Sunderland,G Scott,4,1,H,1,0,H,16,11,6,3,10,8,6,2,1,1,0,0
9d4b1f148209d5e10e3ec9fb8b24cbfc55c3e4991b7682244b34b1ed9a5a16d9,1617,2016,E0,2016-12-31,,Chelsea,Stoke,R Madley,4,2,H,1,0,H,18,5,7,2,12,10,8,3,3,2,0,0
9e6804f9baecd4e92530eabcda58843b7a3582874b2db0d2aec91a25303c1150,1617,2016,E0,2016-12-31,,Leicester,West Ham,A Taylor,1,0,H,1,0,H,12,25,4,5,11,8,7,7,5,3,0,0
050ca967f895c2c46e6d258be233196a1ec436e00bc68e47426d250f8d2fdb08,1617,2016,E0,2016-12-31,,Liverpool,Man City,C Pawson,1,0,H,1,0,H,5,9,1,2,12,12,4,6,2,1,0,0
3674433a558755c247b9416cc92bba997ff32dd75bae87ab9764734748d64e26,1617,2016,E0,2016-12-31,,Man United,Middlesbrough,L Mason,2,1,H,0,0,D,32,9,12,2,9,14,12,2,1,1,0,0
17372d015bb9db4e7e666749457b206fe8b9c0525a9b243304b87e13fa8d5de0,1617,2016,E0,2016-12-31,,Southampton,West Brom,M Jones,1,2,A,1,1,D,10,7,1,3,13,17,8,3,1,3,1,0
0b9e35eb6b1b234d77441f09364150390b70157ef91fa965fc8feb4602ceadf2,1617,2016,E0,2016-12-31,,Swansea,Bournemouth,K Friend,0,3,A,0,2,A,14,11,5,6,14,9,4,3,2,0,0,0
7ad36a72109976a8fc5db08fac866e0e11b0335d3385c7318fd1c8e39468a95b,1617,2016,E0,2017-01-01,,Arsenal,Crystal Palace,A Marriner,2,0,H,1,0,H,22,7,7,4,9,7,8,4,1,1,0,0
4a2b18a54348c91e8ff9b2dcef1503ebdd55b434a2e3815f9d23974f7b5cc045,1617,2016,E0,2017-01-01,,Watford,Tottenham,M Oliver,1,4,A,0,3,A,6,19,2,6,11,6,0,3,3,0,0,0
1c29e64f492c0498a6e67439d0138a013fdea29934be848796c64c5beb3c74c8,1617,2016,E0,2017-01-02,,Everton,Southampton,K Friend,3,0,H,0,0,D,17,12,6,3,5,14,10,8,0,1,0,0
c0211fdebbaaf9fb17d687c961b55a7da82169843c2edc65374a6b1e368dbe3f,1617,2016,E0,2017-01-02,,Man City,Burnley,L Mason,2,1,H,0,0,D,14,11,3,3,11,11,8,8,4,3,1,0
bd5f9df5e98c1b1ad0b923d4dae6680b94c95c1909466f402fcdee657c800f43,1617,2016,E0,2017-01-02,,Middlesbrough,Leicester,R Madley,0,0,D,0,0,D,9,10,1,4,10,9,2,2,3,0,0,0
112916c10aab89e0ce6fe3780f483afa78bac3118665898fd2fd28ff36c2de4b,1617,2016,E0,2017-01-02,,Sunderland,Liverpool,A Taylor,2,2,D,1,1,D,10,21,5,15,10,10,2,5,2,3,0,0
bc3aeac933291dd63ff48e2ebe61a101450aca61219893832ab9c47699f98e84,1617,2016,E0,2017-01-02,,West Brom,Hull,M Clattenburg,3,1,H,0,1,A,8,17,5,6,5,4,7,9,0,0,0,0
e8fd096698ae18877bb9f1de0234951aac20fd8eddb302d47fbb48534dd420fc,1617,2016,E0,2017-01-02,,West Ham,Man United,M Dean,0,2,A,0,0,D,8,13,2,6,9,13,2,1,1,2,1,0
a4964409e33069c4b138abac09f26111cab4636d54b8d85133d6147f42d14bab,1617,2016,E0,2017-01-03,,Bournemouth,Arsenal,M Oliver,3,3,D,2,0,H,12,14,6,4,10,12,4,7,3,3,1,0
b1cbc5bd3ae4750efdb217497fb4acb0733ef9dca7b61b945014bb643af3fc87,1617,2016,E0,2017-01-03,,Crystal Palace,Swansea,P Tierney,1,2,A,0,1,A,7,11,3,4,13,14,4,5,2,1,0,0
5f6eb47b0cac252d4eebc0ca62bc85a2f21f1bd98af6617daab9438b7c44f641,1617,2016,E0,2017-01-03,,Stoke,Watford,N Swarbrick,2,0,H,1,0,H,17,9,5,2,10,15,7,6,1,2,0,0
aac703559f20673ee9d9946f103f04700b346845f73b41392e91bd87f5513602,1617,2016,E0,2017-01-04,,Tottenham,Chelsea,M Atkinson,2,0,H,1,0,H,9,11,2,2,9,8,1,6,3,2,0,0
9b5264d7b9ebf2781ba24e68617b37a9413c0c720642bf6dc482a71d3c8259fc,1617,2016,E0,2017-01-14,,Burnley,Southampton,P Tierney,1,0,H,0,0,D,9,20,3,5,14,14,2,7,1,2,0,0
0cc8f7d96b1f5d3e7a75fa9b66bab112b163ace0abf286df6d599800d9f5a7ca,1617,2016,E0,2017-01-14,,Hull,Bournemouth,M Atkinson,3,1,H,1,1,D,14,8,3,6,13,11,4,5,0,1,0,0
46a15f38e99fea4ec189e9cf74d0505e0641a215acd71a5228d3b5150bdb66f2,1617,2016,E0,2017-01-14,,Leicester,Chelsea,A Marriner,0,3,A,0,1,A,7,8,2,3,8,9,3,5,1,0,0,0
8b4b7783c017fbb4d239f38d5dad66642dd67eb0733ef4e663908a93697698f9,1617,2016,E0,2017-01-14,,Sunderland,Stoke,M Dean,1,3,A,1,3,A,14,14,3,6,16,11,5,2,3,1,0,0
385a2e9ca41dfe14e81c946fc84501847e7b097589fc71a21e45f6461a0c8aeb,1617,2016,E0,2017-01-14,,Swansea,Arsenal,M Jones,0,4,A,0,1,A,12,14,3,6,12,8,3,2,2,0,0,0
2b9f7f1e96a1b593d386a99c179d62891e6be801da30e6c5aa4758d57f914a6b,1617,2016,E0,2017-01-14,,Tottenham,West Brom,A Taylor,4,0,H,2,0,H,21,3,11,0,11,12,8,0,0,2,0,0
d6cf0517276bbaac27093bd1d1416a6dd6fef7b1e7f8827854688f4a60d01843,1617,2016,E0,2017-01-14,,Watford,Middlesbrough,J Moss,0,0,D,0,0,D,12,5,5,1,15,15,3,1,3,1,0,0
35972c1eeb0dbc731f3ef19269b63f5e19461ae8b6ebe251f7dd7b228f50e5bb,1617,2016,E0,2017-01-14,,West Ham,Crystal Palace,N Swarbrick,3,0,H,0,0,D,14,10,3,1,10,14,2,2,4,2,0,0
2b89e78d891863e5eb4266dcba9a5f00a5a0a4ab092f1f549212424392fee54f,1617,2016,E0,2017-01-15,,Everton,Man City,M Clattenburg,4,0,H,1,0,H,6,13,4,5,17,7,3,6,2,2,0,0
48512003b89be1c200d3643eec0b476770334c80716fbcddfc32687504dc7031,1617,2016,E0,2017-01-15,,Man United,Liverpool,M Oliver,1,1,D,0,1,A,9,13,3,4,17,13,5,7,1,3,0,0
9cd45b692e419d4142547f9f4eb1cc55a8a4e2be6a5be4793bbd200969d03a86,1617,2016,E0,2017-01-21,,Bournemouth,Watford,L Mason,2,2,D,0,1,A,15,10,5,3,6,16,9,4,1,1,0,0
16c0b82c9eff3e96d4e604e6e4a9423cb2720244edac05578511daf0a60534ca,1617,2016,E0,2017-01-21,,Crystal Palace,Everton,A Taylor,0,1,A,0,0,D,8,16,2,8,10,15,8,7,0,1,0,0
6d4b27c6aa1af59862409f6980fbf3eb517ae4da844e1034d9b071f1e003ed7a,1617,2016,E0,2017-01-21,,Liverpool,Swansea,K Friend,2,3,A,0,0,D,16,6,5,3,7,7,6,3,1,1,0,0
ba9787b813b3f47f282b0bee3dbe4216447940543c0709a2ead1148af0ee895d,1617,2016,E0,2017-01-21,,Man City,Tottenham,A Marriner,2,2,D,0,0,D,17,6,7,2,10,7,5,4,2,4,0,0
bbd18c0042c8ac3e0c8fb3ad90cd8f467654b702436169e8c6e0b812e572c6db,1617,2016,E0,2017-01-21,,Middlesbrough,West Ham,M Atkinson,1,3,A,1,2,A,11,13,2,5,7,14,7,5,2,1,0,0
159c84f803e3bf353c6d603e19965ec2b20c7fbfb4d9bfb98f9fe9c957f6459a,1617,2016,E0,2017-01-21,,Stoke,Man United,M Clattenburg,1,1,D,1,0,H,6,25,1,8,12,13,1,7,4,0,0,0
47fd2c674514f6ead2b27f0aeb010a81433e538296d638a2737de3f183430d6b,1617,2016,E0,2017-01-21,,West Brom,Sunderland,C Pawson,2,0,H,2,0,H,14,9,5,3,15,12,1,4,1,1,0,0
7a4f5f673fa0c7ab5d2b2cdc4843ff36f07f6036416eac706eaef38d9cd32ddd,1617,2016,E0,2017-01-22,,Arsenal,Burnley,J Moss,2,1,H,0,0,D,24,13,8,7,12,11,10,4,1,3,1,0
9d7bcd27500fcb1b6080da595207fad3fe4b78a82bf4c7933b7a75f79a7c1768,1617,2016,E0,2017-01-22,,Chelsea,Hull,N Swarbrick,2,0,H,1,0,H,9,9,5,4,12,10,9,7,1,3,0,0
706f49f0023e36eb7c6ccd0e5c00e535a90f0e08eca77d67841441ae0deadd22,1617,2016,E0,2017-01-22,,Southampton,Leicester,M Oliver,3,0,H,2,0,H,20,11,7,2,8,10,7,2,0,1,0,0
20971455aae730f1b7eeda0a54340f6668774aa38314c1e9c789fe0ad80a899e,1617,2016,E0,2017-01-31,,Arsenal,Watford,A Marriner,1,2,A,0,2,A,20,10,5,6,12,15,9,5,3,3,0,0
1dba3b9c1ee01fef715db0475ad42f53bddb887bc1d2aca2c4027e41e78ff5d3,1617,2016,E0,2017-01-31,,Bournemouth,Crystal Palace,J Moss,0,2,A,0,0,D,10,11,2,4,14,23,2,3,0,4,0,0
389c0d762359976146e005ab56701ead638e19fdf113c509b4b270de9ebbb699,1617,2016,E0,2017-01-31,,Burnley,Leicester,M Dean,1,0,H,0,0,D,24,13,3,5,4,8,10,2,1,0,0,0
cb1e21bef45fdc1fd63e1696964ba8475495df8a831728a2f81a0de273b86d59,1617,2016,E0,2017-01-31,,Liverpool,Chelsea,M Clattenburg,1,1,D,0,1,A,7,8,3,2,13,8,3,3,2,1,0,0
0cc890ddb953d5194be4851edb9120894c14d414339a75b77cdc6cf952a79266,1617,2016,E0,2017-01-31,,Middlesbrough,West Brom,S Attwell,1,1,D,1,1,D,11,16,3,5,12,13,4,2,2,1,0,0
9994f2e6c81c6fdf37b85bbc7cdf125827ecf2abbb72375018371481043992d9,1617,2016,E0,2017-01-31,,Sunderland,Tottenham,L Mason,0,0,D,0,0,D,3,14,1,3,9,13,2,12,2,1,0,0
55e5a8a49c0ea44827219fbc53a08e3e62a691304bb1d9ab3066a2ac754dbb2f,1617,2016,E0,2017-01-31,,Swansea,Southampton,R East,2,1,H,1,0,H,11,10,5,2,10,19,5,4,2,0,0,0
d9e5269baa601a6b7e6946b983d778074ffad67c7e21b2bf261f023132eaa5ba,1617,2016,E0,2017-02-01,,Man United,Hull,M Jones,0,0,D,0,0,D,15,6,6,2,20,16,7,1,1,4,0,0
b44ff45aeba843d3d3192bc1fb1fd4a3bd813d897517cf19f8d45e087bd65bf8,1617,2016,E0,2017-02-01,,Stoke,Everton,C Pawson,1,1,D,1,1,D,14,14,7,5,21,12,5,5,1,0,0,0
5b114ff52c585f9bec779871e8f67c6a461d791a3e03d5aadf895b777c611aac,1617,2016,E0,2017-02-01,,West Ham,Man City,K Friend,0,4,A,0,3,A,6,11,1,4,11,14,2,4,3,3,0,0
8534cd900c6fc99ad639423bd097edf0e85ef8a1bc3423b6765a57c0c703ef5a,1617,2016,E0,2017-02-04,,Chelsea,Arsenal,M Atkinson,3,1,H,1,0,H,13,9,6,5,14,8,10,13,1,1,0,0
c7723d0bddb289e9236e6da0c1a25a5d2159627a2f204316d5065c408b4f0016,1617,2016,E0,2017-02-04,,Crystal Palace,Sunderland,A Marriner,0,4,A,0,4,A,21,10,9,7,8,8,6,1,3,3,0,0
74ccf7f8d47051dacd84d5377a295fa41fd83b35ff46bfad3f1af554d62cfcae,1617,2016,E0,2017-02-04,,Everton,Bournemouth,M Jones,6,3,H,3,0,H,15,18,10,8,14,4,4,8,3,1,0,0
f4eb8e2acc2ae00d11b5d688057348eb1e28819fcf68d39559d3aeeb00173a19,1617,2016,E0,2017-02-04,,Hull,Liverpool,L Mason,2,0,H,1,0,H,7,22,4,5,9,12,1,15,2,1,0,0
43355a4775ed6e890291fa5031f47053436ed493c604a6016c9e53acb7d3613b,1617,2016,E0,2017-02-04,,Southampton,West Ham,G Scott,1,3,A,1,2,A,21,6,7,4,12,15,3,2,0,2,0,0
cea0570e5e2f1d2cc8fb7867bc187e90dab0c85abff0aff87870132860509b4f,1617,2016,E0,2017-02-04,,Tottenham,Middlesbrough,M Clattenburg,1,0,H,0,0,D,17,8,5,0,8,11,11,2,0,1,0,0
a9aea5015df0af80846d8b779d37362ad09cf421aaab09e7a622a8c4a49f1ae5,1617,2016,E0,2017-02-04,,Watford,Burnley,M Oliver,2,1,H,2,0,H,16,11,7,7,12,10,3,6,5,0,0,1
fc4f4059fa3c24aca29c6b039f9dc7838e40535156391d237117adf2bd52db31,1617,2016,E0,2017-02-04,,West Brom,Stoke,K Friend,1,0,H,1,0,H,16,12,4,2,6,13,5,6,2,2,0,0
c5b15ffc30f3377b1d332a8e2eae43ee057ac095930aa78984caac47751ae1cc,1617,2016,E0,2017-02-05,,Leicester,Man United,A Taylor,0,3,A,0,2,A,11,15,1,9,12,13,10,3,2,4,0,0
061b43c4961709ce8027f1986785dac04f51054b9f6fb65c4ea4df2a21ffe8da,1617,2016,E0,2017-02-05,,Man City,Swansea,M Dean,2,1,H,1,0,H,17,4,5,2,9,13,10,3,2,3,0,0
ac62c6e205a379e818714143f457685d02e99883fabacc8ce62135eb611be775,1617,2016,E0,2017-02-11,,Arsenal,Hull,M Clattenburg,2,0,H,1,0,H,17,9,7,4,12,9,3,8,3,1,0,1
dfaacb98b5e4ad122ffbd12d4c73f5c5d4b5f888fc3c3245bca9c4d519775405,1617,2016,E0,2017-02-11,,Liverpool,Tottenham,A Taylor,2,0,H,2,0,H,17,7,9,2,14,14,10,3,3,4,0,0
623ff347c1082576950f7808849407829fc4230ba97a72d3860884dcdfb7fc36,1617,2016,E0,2017-02-11,,Man United,Watford,R Madley,2,0,H,1,0,H,22,9,11,3,10,12,5,1,1,0,0,0
66b440a72fd344e04fa35d62c17dcd507b44ba2942b399002dddf431b7791284,1617,2016,E0,2017-02-11,,Middlesbrough,Everton,M Dean,0,0,D,0,0,D,9,7,3,3,14,9,5,2,2,0,0,0
712770cde457dd38a524c086fc9f078a9773f23d1a492312d6c19417cb9f34f3,1617,2016,E0,2017-02-11,,Stoke,Crystal Palace,M Atkinson,1,0,H,0,0,D,7,6,4,1,10,14,5,5,1,3,0,0
df032a41532f020106f37d96d1bd3aec9e901a03a8eb09df32a4d52cc62d56a2,1617,2016,E0,2017-02-11,,Sunderland,Southampton,P Tierney,0,4,A,0,2,A,6,15,1,8,12,14,6,2,1,0,0,0
9bb85c7f7de0e2e96a3d5e0268b73aaf43fbec296ca9b5baeaaf3b17d5be0eb9,1617,2016,E0,2017-02-11,,West Ham,West Brom,M Oliver,2,2,D,0,1,A,16,8,4,3,7,14,7,5,3,2,0,0
f9928545dfa4fbc439f352a2c5ee327ed6c79e4a92c3f5a9e87731afccf06008,1617,2016,E0,2017-02-12,,Burnley,Chelsea,K Friend,1,1,D,1,1,D,6,13,4,2,12,11,1,1,3,2,0,0
d9d2919a1e31fedb90e08dbeb56908607447c34979aac02b05e1f91441e4c639,1617,2016,E0,2017-02-12,,Swansea,Leicester,J Moss,2,0,H,2,0,H,10,9,4,1,7,14,7,3,2,2,0,0
9c2b921f5650e390fe80a5f92abe7f9bdf63170a2e361aa0473a10203f9ce6ba,1617,2016,E0,2017-02-13,,Bournemouth,Man City,N Swarbrick,0,2,A,0,1,A,5,17,1,5,8,11,3,7,2,3,0,0
f54e8cae9959261599b875ff427986007a190db4da99d091b9a474316eafd754,1617,2016,E0,2017-02-25,,Chelsea,Swansea,N Swarbrick,3,1,H,1,1,D,16,3,5,2,11,14,8,1,1,3,0,0
c8f07561ed9c152f0cba069bf37279dd651b26a91ccdb722e54427d4f3a0bdf7,1617,2016,E0,2017-02-25,,Crystal Palace,Middlesbrough,R Madley,1,0,H,1,0,H,15,11,3,4,13,15,4,2,3,1,0,0
86825a0a5af72a98ce7bc164908dc9205bfda0aeb1b52d60e9a46451533485e1,1617,2016,E0,2017-02-25,,Everton,Sunderland,S Attwell,2,0,H,1,0,H,20,10,8,1,10,16,10,6,0,2,0,0
2e3c9124184b524c2018cf87c84b26640b9172ce8298bfe9d9e4402cc29ba01d,1617,2016,E0,2017-02-25,,Hull,Burnley,M Atkinson,1,1,D,0,0,D,15,10,1,3,8,13,6,3,1,1,0,1
4932bb8fe17e5ab4c9ebafb502c9be25db3bbb7870d8c7278fcc54d724283ca3,1617,2016,E0,2017-02-25,,Watford,West Ham,C Pawson,1,1,D,1,0,H,9,13,1,2,18,14,4,6,4,1,0,1
a0bb588ddd8b62960f21ef676523345dd59a7270bc6abe101df33a0c9e785ead,1617,2016,E0,2017-02-25,,West Brom,Bournemouth,M Clattenburg,2,1,H,2,1,H,13,12,4,4,12,5,8,6,2,0,0,0
f9fbfd609bb8bf7b2fd4b57b08a0cda66b937c41c391d5fb1265088509b9e0d3,1617,2016,E0,2017-02-26,,Tottenham,Stoke,J Moss,4,0,H,4,0,H,21,5,9,3,11,14,8,5,2,3,0,0
2dc7a5e9516e339ea1329b0fa6b4a695aa7fa23672a1eb2735f7f953b2565ea1,1617,2016,E0,2017-02-27,,Leicester,Liverpool,M Oliver,3,1,H,2,0,H,13,17,7,7,8,5,5,12,0,0,0,0
071fc1aa9741b92ce9f3e11bbf1e41d6bd8ef73ea83afd6b28bd29fd60531317,1617,2016,E0,2017-03-04,,Leicester,Hull,M Dean,3,1,H,1,1,D,17,10,5,4,12,13,10,4,1,1,0,0
ea55459ce05d6f7ef70795f67dd862f9d371703cf6a51915a838e66dd6dee1f0,1617,2016,E0,2017-03-04,,Liverpool,Arsenal,R Madley,3,1,H,2,0,H,18,7,7,3,8,15,9,3,1,2,0,0
facb98a4e21b6a480f24ffaab1e21dd4c1b4daa1ed1e255a6799540a9dcfcc95,1617,2016,E0,2017-03-04,,Man United,Bournemouth,K Friend,1,1,D,1,1,D,20,3,7,1,9,11,15,2,3,2,0,1
eaf955a805e621d8c74fc469607d4a535acb474d2f08ebe0cec53a621435d4a6,1617,2016,E0,2017-03-04,,Stoke,Middlesbrough,C Pawson,2,0,H,2,0,H,13,8,8,2,16,20,6,1,1,2,0,0
efa952c87516a285e5ac89622592c0df1baf5d9ab256136c5097380924932ac8,1617,2016,E0,2017-03-04,,Swansea,Burnley,A Taylor,3,2,H,1,1,D,23,6,10,4,7,13,9,2,2,2,0,0
df9434f23e76d512acb95a661371325c4d2be2f029b2ae1cf7c57dbc77d0934c,1617,2016,E0,2017-03-04,,Watford,Southampton,J Moss,3,4,A,1,2,A,16,20,4,11,16,9,6,5,3,2,0,0
d6809b3d0cc4bda370edf507872fbd671c9127968f050528472e3e26647b5955,1617,2016,E0,2017-03-04,,West Brom,Crystal Palace,M Jones,0,2,A,0,0,D,11,10,1,4,8,12,5,5,0,1,0,0
572bbe9ad6a39f0d0825ddcf07db44f52c1a49f2d4ce41a242e117af125e89c0,1617,2016,E0,2017-03-05,,Sunderland,Man City,M Atkinson,0,2,A,0,1,A,11,14,3,7,11,4,6,4,1,0,0,0
f70ca9967a496f46a1a930696faa3a8d42028dd24765f667b4259d19879312d4,1617,2016,E0,2017-03-05,,Tottenham,Everton,M Oliver,3,2,H,1,0,H,20,8,7,4,9,14,7,2,1,2,0,0
305c556230822470c81a3970a132f2d3812aa34c74e2f06130787e7a995aaa11,1617,2016,E0,2017-03-06,,West Ham,Chelsea,A Marriner,1,2,A,0,1,A,11,9,2,4,8,8,6,4,0,1,0,0
ad8a6b32d8aac50bbb273351c93a5285dcdd03af7099319ba0e4db8ee8a260b3,1617,2016,E0,2017-03-08,,Man City,Stoke,N Swarbrick,0,0,D,0,0,D,12,5,1,2,8,11,8,1,1,3,0,0
81f104d5f17aa019194229d429020e5523ee23405121a9b687c16b7640eea09b,1617,2016,E0,2017-03-11,,Bournemouth,West Ham,R Madley,3,2,H,1,1,D,21,15,9,7,20,15,5,6,4,2,0,0
cd5cc4f53efabb28772a764e60118cb8b983231483c24572240ced53eb64f108,1617,2016,E0,2017-03-11,,Everton,West Brom,G Scott,3,0,H,2,0,H,16,5,5,2,8,12,4,6,1,2,0,0
5abfb2278eb3eaddf241d2e404c484da5a2e180daacc3d469941257ab210f317,1617,2016,E0,2017-03-11,,Hull,Swansea,A Marriner,2,1,H,0,0,D,15,11,7,3,14,5,2,7,3,1,0,0
f79547abd9e1d10557613c4e7caa8a9db689b51495129b1d757f9a37660cab97,1617,2016,E0,2017-03-12,,Liverpool,Burnley,C Pawson,2,1,H,1,1,D,10,11,3,1,12,16,11,1,2,2,0,0
ce6fd79ded26fdeffaac85461cf084bb046160d7be04fe083d515ce8e53043f2,1617,2016,E0,2017-03-18,,Bournemouth,Swansea,M Dean,2,0,H,1,0,H,12,10,6,1,10,9,2,4,0,2,0,0
b8ebe425cc3d192a017cee81ec6a99b70e4b8d97b723b7169cae12b69f80034b,1617,2016,E0,2017-03-18,,Crystal Palace,Watford,M Atkinson,1,0,H,0,0,D,7,6,0,2,8,15,3,2,0,2,0,0
40daa2656411785164040b46244c190c63f711ce584e07e826bb39cb2f91a668,1617,2016,E0,2017-03-18,,Everton,Hull,P Tierney,4,0,H,1,0,H,14,6,8,0,9,7,5,8,2,0,0,1
1a7535b603c2d52dd1b9c6288d310e28930d64cbc257498eb0843e877b4fd6f7,1617,2016,E0,2017-03-18,,Stoke,Chelsea,A Taylor,1,2,A,1,1,D,5,20,1,7,16,11,5,11,4,2,1,0
73b3a4515c52c3c315459290f7d23775a0708a999a5fade3322e4e94f3e50cf4,1617,2016,E0,2017-03-18,,Sunderland,Burnley,R Madley,0,0,D,0,0,D,14,17,5,3,14,7,3,5,2,1,0,0
88ef21f3005595987b10a3a72abbf409d8351699a576b4639640ce320b5fca5a,1617,2016,E0,2017-03-18,,West Brom,Arsenal,N Swarbrick,3,1,H,1,1,D,12,11,8,2,5,6,4,5,1,0,0,0
2a51858eb80b873efecff0ba958ed825bf889b90a5821d8caf47a7507930650a,1617,2016,E0,2017-03-18,,West Ham,Leicester,R East,2,3,A,1,3,A,20,11,7,5,10,14,6,5,0,1,0,0
90c8b2f0438e4491b53d6dd51d39736d4fb346be0a73c973573ae51ba62bb425,1617,2016,E0,2017-03-19,,Man City,Liverpool,M Oliver,1,1,D,0,0,D,13,13,3,4,14,7,9,8,3,3,0,0
07829527f0b678958c8eb66262dee7cf828914096e1ec682c7d95da24390b022,1617,2016,E0,2017-03-19,,Middlesbrough,Man United,J Moss,1,3,A,0,1,A,10,14,3,6,9,8,8,3,1,1,0,0
bb4e758646bb60206b29c6e2cfcb41171f3ec861f9e3d0c81342609afb4ecc01,1617,2016,E0,2017-03-19,,Tottenham,Southampton,A Marriner,2,1,H,2,0,H,12,8,6,3,12,13,5,1,3,3,0,0
d6d450bfa543e3f136674d52a8493c2351c38131942dcef9f9a36eca670da3ba,1617,2016,E0,2017-04-01,,Burnley,Tottenham,S Attwell,0,2,A,0,0,D,13,19,2,7,9,6,3,7,2,0,0,0
f33dd5727a221b974448a28259d4c8675f777ad3e350a7575a9a0cfb28f9211a,1617,2016,E0,2017-04-01,,Chelsea,Crystal Palace,C Pawson,1,2,A,1,2,A,24,8,11,3,12,14,9,3,3,2,0,0
e198ca450c890bddaa44373c0efcfcfa3554f7c21a5ec2cfc570281207a5f977,1617,2016,E0,2017-04-01,,Hull,West Ham,M Jones,2,1,H,0,1,A,7,12,3,4,16,9,5,5,2,2,0,0
f192efe13d7f138073427bd4045168c9c946794e2b14ec401d1554b5b4b58ecb,1617,2016,E0,2017-04-01,,Leicester,Stoke,L Mason,2,0,H,1,0,H,23,10,10,2,7,11,10,4,1,4,0,0
be73e145d923bd202d005ec14bc907a3efabb8a60be83c836165d4df3758bbfc,1617,2016,E0,2017-04-01,,Liverpool,Everton,A Taylor,3,1,H,2,1,H,10,9,6,4,17,10,2,3,1,3,0,0
ab9f887d0bdcff6b9413a07a6b10bbbaee6171c32c3ef7c028212a757e963f24,1617,2016,E0,2017-04-01,,Man United,West Brom,M Dean,0,0,D,0,0,D,18,3,3,1,15,13,6,1,3,3,0,0
3c2d3abca0cad20cc787c54eb77220d2a63e41750f9a73251f681f82034f4bc8,1617,2016,E0,2017-04-01,,Southampton,Bournemouth,J Moss,0,0,D,0,0,D,14,12,4,3,14,8,6,3,1,0,0,0
33d3497ca38b443b527c055195a0448eec5718ab286e0724d5eed6834f3064b7,1617,2016,E0,2017-04-01,,Watford,Sunderland,L Probert,1,0,H,0,0,D,23,11,10,3,12,8,13,9,1,3,0,0
6bd347b90afbf3d023b311c8022d0ce63c69190fef07265981e460dc94ffde36,1617,2016,E0,2017-04-02,,Arsenal,Man City,A Marriner,2,2,D,1,2,A,8,14,3,5,8,15,3,8,3,2,0,0
ddc1efcdebaea7d792d123ea83596161bf7e76f49158bc221d4eb18e4a439b51,1617,2016,E0,2017-04-02,,Swansea,Middlesbrough,R Madley,0,0,D,0,0,D,15,8,3,1,9,16,11,3,2,3,0,0
5e8fea29a7250e43b45f88e474f5b3987c849540d0a33f84ccd4b0c4afd0092b,1617,2016,E0,2017-04-04,,Burnley,Stoke,K Friend,1,0,H,0,0,D,7,15,3,2,9,16,3,5,3,2,0,0
e93cb1afd5d148442a9e6ea260d58b2de8557fbbeb99fac6109cb2fba93840e4,1617,2016,E0,2017-04-04,,Leicester,Sunderland,G Scott,2,0,H,0,0,D,19,15,8,3,12,13,5,6,0,1,0,0
d0b1975ff87656e675726b0fb71af87a8b38dd2fec63aa87223b156d649d403c,1617,2016,E0,2017-04-04,,Man United,Everton,N Swarbrick,1,1,D,0,1,A,18,11,3,4,10,18,6,5,1,4,0,1
74d827c89ddac2eda1114dc07d2c34201276b2fc0af2ed5bb89aec46cfe1e984,1617,2016,E0,2017-04-04,,Watford,West Brom,P Tierney,2,0,H,1,0,H,9,18,2,2,11,14,5,6,1,4,1,0
40ca6a1ba2ba568b656abf38474cc564c829d0027306a665f31592bc62dca743,1617,2016,E0,2017-04-05,,Arsenal,West Ham,M Atkinson,3,0,H,0,0,D,21,7,8,2,11,5,5,0,2,2,0,0
b05f89a64699ce85af51b9c28d96a50eebe51d7676b4201f3b2d20526eb6f072,1617,2016,E0,2017-04-05,,Chelsea,Man City,M Dean,2,1,H,2,1,H,10,17,4,7,10,14,2,9,1,3,0,0
417447302cf8ad70d26c080aeda97d344daf07686bd0006ac6ecaefd8112953e,1617,2016,E0,2017-04-05,,Hull,Middlesbrough,M Oliver,4,2,H,3,2,H,17,12,5,4,13,12,8,4,2,1,0,0
0cd4a4af878cef39dc9142ae99c389287616b3463f8465e8ee7b17556316fc03,1617,2016,E0,2017-04-05,,Liverpool,Bournemouth,L Mason,2,2,D,1,1,D,20,7,8,2,11,8,7,2,1,1,0,0
1d87e311713165efdf703375da7adfd3397f33510b9c5e472923ddf6403969ee,1617,2016,E0,2017-04-05,,Southampton,Crystal Palace,R East,3,1,H,1,1,D,25,17,9,3,16,11,11,11,2,1,0,0
319ab74be6d4998fdd47237d578a4b6dae2357c5f2d6da381ad717c0f19652c4,1617,2016,E0,2017-04-05,,Swansea,Tottenham,J Moss,1,3,A,1,0,H,4,18,1,8,7,8,5,7,1,1,0,0
6d16ad807c1a437c2e3e12325df32bb27f70a1aa14c89072ea1d3bb1a5e70044,1617,2016,E0,2017-04-08,,Bournemouth,Chelsea,A Marriner,1,3,A,1,2,A,12,15,1,5,7,11,4,4,2,3,0,0
037607f8a75506822b7a9253cc984864704083ad963643b0c127fc8bcc9d0a78,1617,2016,E0,2017-04-08,,Man City,Hull,J Moss,3,1,H,1,0,H,23,6,7,1,6,8,7,3,0,2,0,0
3f748bcb93e40e4818b0919a4d22b98f8adbcd8fc8c4047adb4f1d82a53de14a,1617,2016,E0,2017-04-08,,Middlesbrough,Burnley,M Atkinson,0,0,D,0,0,D,12,7,5,2,9,12,4,3,0,3,0,0
6582956b1bd2dae0a7af353d775a0ec32635e7f2521e4a7b850e83c0d096d417,1617,2016,E0,2017-04-08,,Stoke,Liverpool,M Dean,1,2,A,1,0,H,9,14,4,4,7,11,5,8,0,2,0,0
235f4907bc6b3bfb9e8c1dd2437f54b40c5e8f23864abbe0bc7dcba68a9ffa31,1617,2016,E0,2017-04-08,,Tottenham,Watford,A Taylor,4,0,H,3,0,H,19,8,6,2,12,12,7,5,0,1,0,0
a65896e5af1ad90d5b7337bc4ffebd7d526296df53f5e8f3b7e628cb6d64d154,1617,2016,E0,2017-04-08,,West Brom,Southampton,C Kavanagh,0,1,A,0,1,A,17,10,6,3,12,12,7,3,2,2,0,0
9696b8aaefb579930ba78443ac62b3f03032a0e7907bf7ce659669a9b26ca6d9,1617,2016,E0,2017-04-08,,West Ham,Swansea,K Friend,1,0,H,1,0,H,14,4,6,1,12,12,4,3,5,1,0,0
794bbb5945a99f4973980b3e26cd1f2b1cff322db3b71bfa41851c0db3d01aae,1617,2016,E0,2017-04-09,,Everton,Leicester,R Madley,4,2,H,3,2,H,12,6,7,4,8,15,4,6,2,2,0,0
a5f273ecb782f26f927c11754937f62db2bbc6011772bdcb1c8963be38da1233,1617,2016,E0,2017-04-09,,Sunderland,Man United,C Pawson,0,3,A,0,1,A,9,18,4,9,14,20,4,5,1,5,1,0
f7cb2456d3f0249119687f646e89e3d04eeb7e93397dbf2af544e67c1b68edef,1617,2016,E0,2017-04-10,,Crystal Palace,Arsenal,M Oliver,3,0,H,1,0,H,17,11,6,3,11,10,5,8,0,1,0,0
3998313a05c01535df39d25fe5486f0eae2f8d1df0702d29ec93f68580c3418f,1617,2016,E0,2017-04-15,,Crystal Palace,Leicester,M Dean,2,2,D,0,1,A,15,6,4,2,10,16,8,5,0,2,0,0
cf8e4f8e9ac53be0e61904f0855cfcc796664cdf94f0058c7fddda215ead18f2,1617,2016,E0,2017-04-15,,Everton,Burnley,M Clattenburg,3,1,H,0,0,D,29,13,7,6,15,14,6,7,2,0,0,0
ef3a5c58a23a4dbaca00fe7b0cfb7c013a85ddcdc5e1581d12f21cd528bd76ea,1617,2016,E0,2017-04-15,,Southampton,Man City,N Swarbrick,0,3,A,0,0,D,8,18,1,5,9,8,3,8,3,0,0,0
ae144d6333e1b5d83e057a73dae51f23c840ea4aa863d8286029d626c1a795d5,1617,2016,E0,2017-04-15,,Stoke,Hull,S Attwell,3,1,H,1,0,H,14,14,4,3,12,5,3,7,0,2,0,0
52b1cf706d645e30f757238769a78ac2cdb00cb2f9f49f6e837f91f5302317b2,1617,2016,E0,2017-04-15,,Sunderland,West Ham,A Marriner,2,2,D,1,1,D,14,7,4,3,14,10,8,1,1,0,0,1
6dc5324edfa05b38a283d8bbcecfa83247548ff1bce8c119344ba0320a36fd0d,1617,2016,E0,2017-04-15,,Tottenham,Bournemouth,M Oliver,4,0,H,2,0,H,24,5,14,1,8,10,13,1,0,1,0,0
741d1b86666fb3fc99b0e2c81b95f0d79ce9a66bd8cdea152dd71bcf6341f682,1617,2016,E0,2017-04-15,,Watford,Swansea,L Mason,1,0,H,1,0,H,15,13,7,4,8,13,6,2,0,0,0,0
840f2f35a7b7b883e1176a19a69187f0e6a8859e2adccef6fa2b6b36f3163c94,1617,2016,E0,2017-04-16,,Man United,Chelsea,R Madley,2,0,H,1,0,H,9,5,3,0,16,20,1,3,3,3,0,0
8061696e6ae6a8a7fa49c3197f759b835c8838c40b2183f8a80d05b69dc82af7,1617,2016,E0,2017-04-16,,West Brom,Liverpool,J Moss,0,1,A,0,1,A,7,15,2,2,15,9,4,4,3,1,0,0
7804e599c4074cbbc5ad4721da9c15572b226c0c603a243317f3cb468f8edd61,1617,2016,E0,2017-04-17,,Middlesbrough,Arsenal,A Taylor,1,2,A,0,1,A,13,12,5,4,11,16,2,4,2,2,0,0
768eb223585db1a4f33b192fa5c3595f878eb3df2898981c2c15ebfc5e50c0e9,1617,2016,E0,2017-04-22,,Bournemouth,Middlesbrough,G Scott,4,0,H,2,0,H,20,5,10,2,4,14,4,3,0,2,0,1
39b87e691b8c36f0a76cb0cb348847c5a70a0375f09d1d068ab26a1158002bc6,1617,2016,E0,2017-04-22,,Hull,Watford,R Madley,2,0,H,0,0,D,8,13,3,2,10,11,4,7,3,1,1,0
32bbca20c08f26de205408bbffe30916a82a478e6e60f68ce0365c8f1a59459a,1617,2016,E0,2017-04-22,,Swansea,Stoke,M Oliver,2,0,H,1,0,H,10,9,6,3,5,14,11,4,2,2,0,0
5461951aa896186973bc2c5cc4a25af342286a6a5fe8bbe307ad6c651e0095a7,1617,2016,E0,2017-04-22,,West Ham,Everton,R East,0,0,D,0,0,D,15,4,3,0,9,15,8,4,2,3,0,0
5438b9b4804aa594651483f4e8e3a874e145afc7f9ad705bb2969ecb1656795c,1617,2016,E0,2017-04-23,,Burnley,Man United,A Taylor,0,2,A,0,2,A,8,12,0,6,17,16,3,3,2,1,0,0
215ec0a70da686c0b0f2db2b2d96bf8c3a340c66fadfacdc9f244dd21f7dc196,1617,2016,E0,2017-04-23,,Liverpool,Crystal Palace,A Marriner,1,2,A,1,1,D,14,7,1,3,8,10,4,3,1,2,0,0
fc201fa1112f7d06a5f3fa7f9538a8b766fea20dd32bcdf4d72ec50f3ea3f7a8,1617,2016,E0,2017-04-25,,Chelsea,Southampton,L Mason,4,2,H,2,1,H,17,12,7,4,13,9,6,7,2,2,0,0
5160755054fdbd5c51922a10021b8fa21f0b2895b656910b67a7d8374638968b,1617,2016,E0,2017-04-26,,Arsenal,Leicester,M Jones,1,0,H,0,0,D,12,7,5,3,9,13,12,1,2,4,0,0
b6b55e349e8b64fa0849223a858f809c683b367bf8ae3d2f56b5b4c4ab863449,1617,2016,E0,2017-04-26,,Crystal Palace,Tottenham,J Moss,0,1,A,0,0,D,6,18,1,4,13,15,2,11,3,3,0,0
ff984e68aae808c344fe5d07e6d45af30967ddd71c8ca099a6f3c0cc1da46a7a,1617,2016,E0,2017-04-26,,Middlesbrough,Sunderland,M Dean,1,0,H,1,0,H,6,10,2,4,15,11,3,5,3,3,0,0
04f1400bb57c0de826e8edb87d6e2c24566f51a5f7340c6404170025b666e511,1617,2016,E0,2017-04-27,,Man City,Man United,M Atkinson,0,0,D,0,0,D,19,3,6,1,10,8,7,4,1,0,0,1
f7853e5f9086564296f6e2b4414add13c10315fb8af5005bee5969ce65a8b27e,1617,2016,E0,2017-04-29,,Crystal Palace,Burnley,R Madley,0,2,A,0,1,A,15,9,5,3,11,12,14,4,2,0,0,0
79a0cf17bb4e463de5a198f66f705e3b1d2d811b6dbdff0eb9e5a1ba5d8dd221,1617,2016,E0,2017-04-29,,Southampton,Hull,M Dean,0,0,D,0,0,D,11,9,2,1,9,13,6,6,0,3,0,0
a15c46ba693339aa2a3bffdcd655b45c7a8e10ffe86de079c76782bf633bbe95,1617,2016,E0,2017-04-29,,Stoke,West Ham,L Probert,0,0,D,0,0,D,19,12,4,4,12,3,5,3,1,0,0,0
2bd55916d852d48a5b8a5b43ff8cabeacc28b47ec865a741f0ed6ef49fa78fe8,1617,2016,E0,2017-04-29,,Sunderland,Bournemouth,S Attwell,0,1,A,0,0,D,17,15,5,7,13,9,6,5,3,2,0,0
474491f5fc6b7cab52328098bb912643ddf51a9b749f0cd6915d6bd05978596b,1617,2016,E0,2017-04-29,,West Brom,Leicester,M Clattenburg,0,1,A,0,1,A,16,6,4,1,14,9,5,6,2,2,0,0
b46d08c2dcf1804be8f1834edba5fd815ea31a5cc30b9d897e28f688d45079bf,1617,2016,E0,2017-04-30,,Everton,Chelsea,J Moss,0,3,A,0,0,D,12,11,4,5,13,11,2,4,3,4,0,0
dcac37fc58b905deee4d0ba8fda92b799b30f4654fb079c06f836e217a521273,1617,2016,E0,2017-04-30,,Man United,Swansea,N Swarbrick,1,1,D,1,0,H,12,12,6,4,11,13,5,2,2,2,0,0
9d9059d945d476866841223dfcad6888ac4993ec897ac3c9dfd2ec67560634ed,1617,2016,E0,2017-04-30,,Middlesbrough,Man City,K Friend,2,2,D,1,0,H,14,22,6,4,9,9,4,11,4,4,0,0
dac32cfe7ac31a5c6c2da9176f861c64685b8eb5adc4aa20d62d0c4745506d09,1617,2016,E0,2017-04-30,,Tottenham,Arsenal,M Oliver,2,0,H,0,0,D,20,12,11,4,7,15,14,5,1,3,0,0
a24529606051f37e4efbfd699d93382f82a44d85e25cce8012f96c561936d816,1617,2016,E0,2017-05-01,,Watford,Liverpool,C Pawson,0,1,A,0,1,A,9,12,2,8,11,9,3,5,3,1,0,0
b50d033344e41fe14d8a62cddd3b2e91b8c1b46503597c1ec3ed47b2fd0a1e79,1617,2016,E0,2017-05-05,,West Ham,Tottenham,A Taylor,1,0,H,0,0,D,13,11,5,5,8,9,3,7,4,2,0,0
4403c80f7c4d4fe5d4dff8d5c21ee416c8f05c37bb17f13b8209970c101f7393,1617,2016,E0,2017-05-06,,Bournemouth,Stoke,P Tierney,2,2,D,0,1,A,12,14,2,3,10,15,0,7,2,0,0,0
52195d1d486c2e2688f0545055896ebe2479440ec6bbf9ad93b6cc0d44b4b9e4,1617,2016,E0,2017-05-06,,Burnley,West Brom,M Jones,2,2,D,0,0,D,14,11,4,3,9,14,5,8,1,3,0,0
f21d6905526a3118078ae3de746485ee50b11d4ded31b61c0cd5f73bb3298ace,1617,2016,E0,2017-05-06,,Hull,Sunderland,N Swarbrick,0,2,A,0,0,D,16,12,6,5,10,8,7,4,3,1,0,0
fb7195b6c8bdb4e3f8da113ee9b5a46097734fa42469f40f8028b158e2e143f6,1617,2016,E0,2017-05-06,,Leicester,Watford,R East,3,0,H,1,0,H,11,14,5,7,8,10,10,1,0,0,0,0
f80d9bc8b8ee9e56c3d4fbab18294a45320e251f28e571f9342ef8792759bb05,1617,2016,E0,2017-05-06,,Man City,Crystal Palace,M Oliver,5,0,H,1,0,H,26,5,12,2,12,8,9,3,1,3,0,0
ce156c47a836fb381e556306ee9afefcc16e4512810b5488a0b9e759253fd7fb,1617,2016,E0,2017-05-06,,Swansea,Everton,M Atkinson,1,0,H,1,0,H,9,8,4,2,5,13,9,5,0,0,0,0
1e865f7ee21135e14e94e66deb1ea97bdba3ab87d0b8a42a39e86919cabe78f2,1617,2016,E0,2017-05-07,,Arsenal,Man United,A Marriner,2,0,H,0,0,D,9,10,4,4,14,10,5,9,1,0,0,0
4a52591de40cf898c791863c8220f468a4df21231333fbaa7ef0c3fa8047371a,1617,2016,E0,2017-05-07,,Liverpool,Southampton,R Madley,0,0,D,0,0,D,17,4,8,0,9,4,3,6,1,3,0,0
6f85dd004f4e73e12419f9cf158472e1caf6893227fb4c620dbedd42a7fb5ff5,1617,2016,E0,2017-05-08,,Chelsea,Middlesbrough,C Pawson,3,0,H,2,0,H,21,2,7,1,8,21,8,1,0,2,0,0
a779d2c796e7b9d11a80297e873b5bf789bce6f0b3763c822f767cd27d0445fb,1617,2016,E0,2017-05-10,,Southampton,Arsenal,J Moss,0,2,A,0,0,D,14,11,3,4,5,5,8,5,1,2,0,0
b8c55eaae5b7c0440631cd92cf2601775cef867544f994e375a479eed5d18f9b,1617,2016,E0,2017-05-12,,Everton,Watford,K Friend,1,0,H,0,0,D,15,14,6,2,7,11,9,8,0,3,0,0
aace7c907673e001dec097481fc8c1efb6884d53f041a8f6a17f525e09517c07,1617,2016,E0,2017-05-12,,West Brom,Chelsea,M Oliver,0,1,A,0,0,D,7,24,2,5,13,8,5,8,3,0,0,0
2f2e1aa10b319b96839c82238130f759b5765db6a2bbcd12d7dc62d5a192b0d7,1617,2016,E0,2017-05-13,,Bournemouth,Burnley,L Probert,2,1,H,1,0,H,18,14,6,3,6,11,7,1,0,1,0,0
e88d3737a0b991aa85cae2a0fd4585e162193e6ab4e1c8dafc8fbca71d0ffbc9,1617,2016,E0,2017-05-13,,Man City,Leicester,R Madley,2,1,H,2,1,H,17,9,5,4,12,16,9,3,3,3,0,0
2cbcfe4f65bc0023c35ba92d0d590b7eb856790d270ecdbcf39f94fdf6eabdd2,1617,2016,E0,2017-05-13,,Middlesbrough,Southampton,A Taylor,1,2,A,0,1,A,14,14,3,4,19,11,6,3,3,0,0,0
70b7fb02e688e57d2c676d5d4b5142d11dcbd6136153af3f4901b64f13b01b14,1617,2016,E0,2017-05-13,,Stoke,Arsenal,M Dean,1,4,A,0,1,A,10,10,4,6,13,7,7,6,1,2,0,0
df9767a2f570978e49fc49f7e91dae430fda65764f03b27efd2e0edc05de529b,1617,2016,E0,2017-05-13,,Sunderland,Swansea,A Marriner,0,2,A,0,2,A,13,3,4,3,13,6,8,4,4,0,0,0
82d45070ef591b062f2e4694cc7e97f8152f0a9e24c5494e3da1840f018e905a,1617,2016,E0,2017-05-14,,Crystal Palace,Hull,M Atkinson,4,0,H,2,0,H,12,9,4,0,13,14,3,7,3,5,0,0
a1f301f6b54e38aa68faccde14c2692cad792cc83a881626f1bd3e7f69b1183e,1617,2016,E0,2017-05-14,,Tottenham,Man United,J Moss,2,1,H,1,0,H,14,8,7,2,14,15,8,3,1,2,0,0
07a098593cff21ee7c5ea193a4185b9daace1df67c045b58f44314775a8b0944,1617,2016,E0,2017-05-14,,West Ham,Liverpool,N Swarbrick,0,4,A,0,1,A,10,26,3,11,5,10,4,6,2,0,0,0
5eff8dd4b9455479a24a57c48b143631ed87b4316b69b4d1b21c5f1efa84f604,1617,2016,E0,2017-05-15,,Chelsea,Watford,L Mason,4,3,H,2,1,H,24,9,9,3,7,12,8,3,2,4,0,1
ec3c0bab842136f472ff2d84ccd38472a4a013ce230825cff0c78b2a06eee1c3,1617,2016,E0,2017-05-16,,Arsenal,Sunderland,R East,2,0,H,0,0,D,36,6,13,2,15,10,17,3,4,2,0,0
b315aadab26b1c3f510e3fd174f688bd4afc579e50e5e69e88ed25e923c4c709,1617,2016,E0,2017-05-16,,Man City,West Brom,C Pawson,3,1,H,2,0,H,21,5,10,2,8,11,7,1,1,2,0,0
f3f208eb88e44a8bb61c84e49d2c134c41e823c1ea5334a7dc9de895a93c3e76,1617,2016,E0,2017-05-17,,Southampton,Man United,M Dean,0,0,D,0,0,D,17,11,6,1,7,10,7,3,2,1,0,0
ec18dcd64ac265decf026df64819f3b620be33d6d45d64441a18b970c4d137a7,1617,2016,E0,2017-05-18,,Leicester,Tottenham,M Oliver,1,6,A,0,2,A,12,26,5,12,11,8,4,4,3,1,0,0
ea43d31feebd2b16ea7ed96c75759aa8c96769a83fc24b100f30626de491b0c1,1617,2016,E0,2017-05-21,,Arsenal,Everton,M Oliver,3,1,H,2,0,H,17,22,9,7,10,15,4,6,2,4,1,0
0cba4010d714f898ac841b4b47881cac98a1239fb2f9f5c546c08ba8bfd069fe,1617,2016,E0,2017-05-21,,Burnley,West Ham,R Madley,1,2,A,1,1,D,9,14,1,4,11,14,2,5,2,2,0,0
bff19cc4602df54a4659334eeeb78e6e79932ac87bcbc288cb1bad3f3430f061,1617,2016,E0,2017-05-21,,Chelsea,Sunderland,N Swarbrick,5,1,H,1,1,D,28,7,8,3,8,15,11,1,1,1,0,0
51a15d8054b5f73274e8922698995ba79666b8bb170ac6ee4eab07f67ca544d3,1617,2016,E0,2017-05-21,,Hull,Tottenham,A Marriner,1,7,A,0,3,A,10,19,4,14,14,5,2,3,0,0,0,0
8f3d4146931b866e51eeef6458f9e859ead9e1a9e7f991493d259d0e22f5aee1,1617,2016,E0,2017-05-21,,Leicester,Bournemouth,l Mason,1,1,D,0,1,A,21,10,5,4,11,10,9,1,4,1,0,0
5254fb89c369c1c97aa81ac5065c3af1adb01a7645765af5b225a996095d8f34,1617,2016,E0,2017-05-21,,Liverpool,Middlesbrough,M Atkinson,3,0,H,1,0,H,25,9,10,3,13,8,3,3,0,1,0,0
5243ae34f84e3317067b4320d698a5f15e6fa6640aedad019933bc1948e59d07,1617,2016,E0,2017-05-21,,Man United,Crystal Palace,A Taylor,2,0,H,2,0,H,9,6,2,1,16,10,3,6,2,0,0,0
efd673754dd74b8749d8f4a7c4b8e0399b2883b75b49c49829ffc76518193d6e,1617,2016,E0,2017-05-21,,Southampton,Stoke,L Probert,0,1,A,0,0,D,14,14,6,3,12,10,4,10,2,4,0,0
64d46109e24c158e4e2507d04051b5aa0fffe45b40a108c055c986247438d94d,1617,2016,E0,2017-05-21,,Swansea,West Brom,M Dean,2,1,H,0,1,A,12,16,2,5,8,10,7,4,1,1,0,0
71be743293535899fff1a3ea1149da83f54a6d76dda52966390f605ca9a18d5d,1617,2016,E0,2017-05-21,,Watford,Man City,J Moss,0,5,A,0,4,A,6,15,3,9,12,10,4,5,1,0,0,0
